branch_root,distance_from_site_hops,reach_count,total_length_km,root_upland_skm
20446568,1,45,131.96,373.6
20447392,1,3,12.4,40.1
20447836,2,43,126.59,362.1
20448438,2,1,4.5,16.5
20446569,2,1,2.29,6.4
20447619,2,1,2.22,8.0
20448315,3,41,118.52,334.9
20447837,3,1,1.98,6.3
20448564,4,39,113.32,314.6
20448826,4,1,3.15,12.0
20449308,5,35,103.35,288.8
20448565,5,3,8.85,24.9
20449905,6,33,94.48,262.4
20449309,6,1,6.38,18.4
20449904,6,1,5.99,21.0
20448566,6,1,1.35,5.5
20450127,7,21,59.8,169.5
20451169,7,11,31.98,86.8
20450449,8,19,51.94,144.1
20451411,8,7,17.58,50.0
20450128,8,1,6.74,24.7
20451291,8,3,3.86,14.8
20451292,9,13,34.83,90.0
20451051,9,5,15.53,51.3
20452467,9,5,14.74,40.5
20451758,9,1,1.82,8.0
20451290,9,1,1.25,6.1
20451289,9,1,0.47,5.1
20451412,10,7,16.48,42.4
20451760,10,5,14.91,41.1
20451629,10,3,9.25,33.8
20453149,10,3,7.59,24.9
20452782,10,1,2.59,9.8
20451052,10,1,1.59,6.1
20452105,11,3,10.0,28.8
20451628,11,5,9.18,26.5
20452880,11,1,6.74,15.6
20452003,11,1,5.66,18.0
20453708,11,1,2.89,12.0
20451759,11,1,1.72,6.0
20453379,11,1,1.16,6.4
20451630,11,1,0.47,4.8
20453709,12,1,7.72,22.7
20452106,12,3,5.08,16.2
20451885,12,1,2.66,8.6
20452104,12,1,0.79,4.2
20452353,13,1,2.54,8.6
20452213,13,1,0.69,4.4
