station,original_x,original_y,converted_lat,converted_lon,candidate_hyriv_id,snap_distance_m,mapping_status,mapping_notes,candidate_count_within_radius,candidate_radius_m,ambiguity_candidate_ids,topology_consistency,carraro_reach_index,carraro_relation_to_s1,hydrorivers_relation_to_s1,topology_agrees,review_status,review_reason,review_provenance
S1,634537.17,240447.56,47.31400039098192,7.895400745863826,20446064,64.81471057811844,MATCHED,Reproduces the existing independently validated S1 crosswalk.,3,250.0,20446064|20445973|20446447,VALIDATED_S1,1,SAME_AS_S1,SAME_AS_S1,True,VERIFIED,Existing validated S1 crosswalk reproduced; validation is not weakened.,RUN_MODEL.m; data_wigger.mat; HydroRIVERS v1.0; V4 deterministic review
S2,637020.21,238761.43,47.29870037200282,7.928100671505551,20446568,373.1884936113432,OUT_OF_RANGE,No HydroRIVERS reach within 250 m review radius.,0,250.0,,NOT_EVALUATED,6,UPSTREAM_OF_S1,UPSTREAM_OF_S1,True,NOT_VERIFIED,Nearest reach is outside the 250 m review radius; topology agreement alone is insufficient.,RUN_MODEL.m; data_wigger.mat; HydroRIVERS v1.0; V4 deterministic review
S3,638470.74,236680.43,47.27990035843939,7.947100683215956,20447836,125.13392800485994,AMBIGUOUS,Nearest geographic candidate retained for review; not scientifically verified.,1,250.0,20447836,NOT_EVALUATED,13,UPSTREAM_OF_S1,UPSTREAM_OF_S1,True,SUPPORTED,Single candidate within 250 m and upstream relationship to S1 agrees across networks; independent watercourse verification is absent.,RUN_MODEL.m; data_wigger.mat; HydroRIVERS v1.0; V4 deterministic review
S4,639156.59,233638.54,47.25250026355082,7.955900651523946,20447836,256.49162215824816,OUT_OF_RANGE,No HydroRIVERS reach within 250 m review radius.,0,250.0,,NOT_EVALUATED,26,UPSTREAM_OF_S1,UPSTREAM_OF_S1,True,NOT_VERIFIED,Nearest reach is outside the 250 m review radius; topology agreement alone is insufficient.,RUN_MODEL.m; data_wigger.mat; HydroRIVERS v1.0; V4 deterministic review
S5,639020.2,233457.9,47.25088358322651,7.9540832796079215,20447836,471.3696138783604,OUT_OF_RANGE,No HydroRIVERS reach within 250 m review radius.,0,250.0,,NOT_EVALUATED,25,UPSTREAM_OF_S1,UPSTREAM_OF_S1,True,NOT_VERIFIED,Nearest reach is outside the 250 m review radius; topology agreement alone is insufficient.,RUN_MODEL.m; data_wigger.mat; HydroRIVERS v1.0; V4 deterministic review
S6,640976.71,229859.55,47.21840019644398,7.979600550407267,20449308,190.6708620593171,AMBIGUOUS,Nearest geographic candidate retained for review; not scientifically verified.,1,250.0,20449308,NOT_EVALUATED,41,UPSTREAM_OF_S1,UPSTREAM_OF_S1,True,SUPPORTED,Single candidate within 250 m and upstream relationship to S1 agrees across networks; independent watercourse verification is absent.,RUN_MODEL.m; data_wigger.mat; HydroRIVERS v1.0; V4 deterministic review
S7,640591.56,226354.76,47.18690018300465,7.974200471648008,20449905,348.6476299570164,OUT_OF_RANGE,No HydroRIVERS reach within 250 m review radius.,0,250.0,,NOT_EVALUATED,64,UPSTREAM_OF_S1,UPSTREAM_OF_S1,True,NOT_VERIFIED,Nearest reach is outside the 250 m review radius; topology agreement alone is insufficient.,RUN_MODEL.m; data_wigger.mat; HydroRIVERS v1.0; V4 deterministic review
S8,641367.48,225948.74,47.18320018656998,7.984400546021416,20449905,58.40485660298465,AMBIGUOUS,Nearest geographic candidate retained for review; not scientifically verified.,1,250.0,20449905,NOT_EVALUATED,65,UPSTREAM_OF_S1,UPSTREAM_OF_S1,True,SUPPORTED,Single candidate within 250 m and upstream relationship to S1 agrees across networks; independent watercourse verification is absent.,RUN_MODEL.m; data_wigger.mat; HydroRIVERS v1.0; V4 deterministic review
S9,642750.58,219109.92,47.12160006508506,8.002000322301532,20452880,6.2998263760704925,AMBIGUOUS,Nearest geographic candidate retained for review; not scientifically verified.,3,250.0,20452880|20451628|20451412,NOT_EVALUATED,120,UPSTREAM_OF_S1,UPSTREAM_OF_S1,True,AMBIGUOUS,Multiple nearby HydroRIVERS candidates prevent a unique mapping.,RUN_MODEL.m; data_wigger.mat; HydroRIVERS v1.0; V4 deterministic review
S10,642422.08,218351.57,47.1148000921424,7.997600341164157,20452880,33.413927478850376,AMBIGUOUS,Nearest geographic candidate retained for review; not scientifically verified.,1,250.0,20452880,NOT_EVALUATED,121,UPSTREAM_OF_S1,UPSTREAM_OF_S1,True,SUPPORTED,Single candidate within 250 m and upstream relationship to S1 agrees across networks; independent watercourse verification is absent.,RUN_MODEL.m; data_wigger.mat; HydroRIVERS v1.0; V4 deterministic review
S11,639970.33,217267.33,47.10520010881997,7.965200294313572,20452105,46.831331216230815,AMBIGUOUS,Nearest geographic candidate retained for review; not scientifically verified.,1,250.0,20452105,NOT_EVALUATED,123,UPSTREAM_OF_S1,UPSTREAM_OF_S1,True,SUPPORTED,Single candidate within 250 m and upstream relationship to S1 agrees across networks; independent watercourse verification is absent.,RUN_MODEL.m; data_wigger.mat; HydroRIVERS v1.0; V4 deterministic review
S12,642745.99,222923.29,47.15590008506778,8.0023005059877,20450449,269.36093304526264,OUT_OF_RANGE,No HydroRIVERS reach within 250 m review radius.,0,250.0,,NOT_EVALUATED,85,UPSTREAM_OF_S1,UPSTREAM_OF_S1,True,NOT_VERIFIED,Nearest reach is outside the 250 m review radius; topology agreement alone is insufficient.,RUN_MODEL.m; data_wigger.mat; HydroRIVERS v1.0; V4 deterministic review
S13,643725.46,222763.63,47.15440005790976,8.015200411214174,20451051,183.7792356549249,AMBIGUOUS,Nearest geographic candidate retained for review; not scientifically verified.,1,250.0,20451051,NOT_EVALUATED,86,UPSTREAM_OF_S1,UPSTREAM_OF_S1,True,SUPPORTED,Single candidate within 250 m and upstream relationship to S1 agrees across networks; independent watercourse verification is absent.,RUN_MODEL.m; data_wigger.mat; HydroRIVERS v1.0; V4 deterministic review
S14,642080.78,224764.12,47.17250013039398,7.993700536944519,20450127,29.21419597914815,AMBIGUOUS,Nearest geographic candidate retained for review; not scientifically verified.,1,250.0,20450127,NOT_EVALUATED,72,UPSTREAM_OF_S1,UPSTREAM_OF_S1,True,SUPPORTED,Single candidate within 250 m and upstream relationship to S1 agrees across networks; independent watercourse verification is absent.,RUN_MODEL.m; data_wigger.mat; HydroRIVERS v1.0; V4 deterministic review
S15,642153.28,225231.59,47.1767001885983,7.994700483610064,20450127,296.48393132200493,OUT_OF_RANGE,No HydroRIVERS reach within 250 m review radius.,0,250.0,,NOT_EVALUATED,71,UPSTREAM_OF_S1,UPSTREAM_OF_S1,True,NOT_VERIFIED,Nearest reach is outside the 250 m review radius; topology agreement alone is insufficient.,RUN_MODEL.m; data_wigger.mat; HydroRIVERS v1.0; V4 deterministic review
