station,taxon_code,observation_index,date,concentration_mol_l,detected,source_file,source_variable,date_variable
S1,Fs,1,2014-05-28,0.0,False,data_preflight/raw/carraro/eDNA_data.mat,Fs.S1,Date.S1
S1,Fs,2,2014-06-11,0.0,False,data_preflight/raw/carraro/eDNA_data.mat,Fs.S1,Date.S1
S1,Fs,3,2014-06-19,0.0,False,data_preflight/raw/carraro/eDNA_data.mat,Fs.S1,Date.S1
S1,Fs,4,2014-06-25,1.2983219767633366e-17,True,data_preflight/raw/carraro/eDNA_data.mat,Fs.S1,Date.S1
S1,Fs,5,2014-07-11,1.7498121630413063e-17,True,data_preflight/raw/carraro/eDNA_data.mat,Fs.S1,Date.S1
S1,Fs,6,2014-07-24,0.0,False,data_preflight/raw/carraro/eDNA_data.mat,Fs.S1,Date.S1
S1,Fs,7,2014-08-07,0.0,False,data_preflight/raw/carraro/eDNA_data.mat,Fs.S1,Date.S1
S1,Fs,8,2014-08-21,0.0,False,data_preflight/raw/carraro/eDNA_data.mat,Fs.S1,Date.S1
S1,Fs,9,2014-09-08,1.4087271159229032e-17,True,data_preflight/raw/carraro/eDNA_data.mat,Fs.S1,Date.S1
S1,Fs,10,2014-09-17,0.0,False,data_preflight/raw/carraro/eDNA_data.mat,Fs.S1,Date.S1
S1,Fs,11,2014-10-02,0.0,False,data_preflight/raw/carraro/eDNA_data.mat,Fs.S1,Date.S1
S1,Fs,12,2014-10-16,0.0,False,data_preflight/raw/carraro/eDNA_data.mat,Fs.S1,Date.S1
S1,Fs,13,2014-10-29,1.3358301886309321e-17,True,data_preflight/raw/carraro/eDNA_data.mat,Fs.S1,Date.S1
S1,Fs,14,2014-11-13,5.184e-17,True,data_preflight/raw/carraro/eDNA_data.mat,Fs.S1,Date.S1
S1,Fs,15,2014-11-26,0.0,False,data_preflight/raw/carraro/eDNA_data.mat,Fs.S1,Date.S1
S1,Fs,16,2014-12-09,1.5068676993154272e-17,True,data_preflight/raw/carraro/eDNA_data.mat,Fs.S1,Date.S1
S1,Fs,17,2015-01-22,0.0,False,data_preflight/raw/carraro/eDNA_data.mat,Fs.S1,Date.S1
S1,Fs,18,2015-03-19,0.0,False,data_preflight/raw/carraro/eDNA_data.mat,Fs.S1,Date.S1
S1,Fs,19,2015-04-09,0.0,False,data_preflight/raw/carraro/eDNA_data.mat,Fs.S1,Date.S1
S1,Fs,20,2015-04-29,0.0,False,data_preflight/raw/carraro/eDNA_data.mat,Fs.S1,Date.S1
S1,Fs,21,2015-05-15,0.0,False,data_preflight/raw/carraro/eDNA_data.mat,Fs.S1,Date.S1
S1,Tb,1,2014-05-28,0.0,False,data_preflight/raw/carraro/eDNA_data.mat,Tb.S1,Date.S1
S1,Tb,2,2014-06-11,0.0,False,data_preflight/raw/carraro/eDNA_data.mat,Tb.S1,Date.S1
S1,Tb,3,2014-06-19,0.0,False,data_preflight/raw/carraro/eDNA_data.mat,Tb.S1,Date.S1
S1,Tb,4,2014-06-25,2.441204357083224e-17,True,data_preflight/raw/carraro/eDNA_data.mat,Tb.S1,Date.S1
S1,Tb,5,2014-07-11,1.2942501894584278e-16,True,data_preflight/raw/carraro/eDNA_data.mat,Tb.S1,Date.S1
S1,Tb,6,2014-07-24,0.0,False,data_preflight/raw/carraro/eDNA_data.mat,Tb.S1,Date.S1
S1,Tb,7,2014-08-07,0.0,False,data_preflight/raw/carraro/eDNA_data.mat,Tb.S1,Date.S1
S1,Tb,8,2014-08-21,0.0,False,data_preflight/raw/carraro/eDNA_data.mat,Tb.S1,Date.S1
S1,Tb,9,2014-09-08,0.0,False,data_preflight/raw/carraro/eDNA_data.mat,Tb.S1,Date.S1
S1,Tb,10,2014-09-17,0.0,False,data_preflight/raw/carraro/eDNA_data.mat,Tb.S1,Date.S1
S1,Tb,11,2014-10-02,0.0,False,data_preflight/raw/carraro/eDNA_data.mat,Tb.S1,Date.S1
S1,Tb,12,2014-10-16,0.0,False,data_preflight/raw/carraro/eDNA_data.mat,Tb.S1,Date.S1
S1,Tb,13,2014-10-29,0.0,False,data_preflight/raw/carraro/eDNA_data.mat,Tb.S1,Date.S1
S1,Tb,14,2014-11-13,0.0,False,data_preflight/raw/carraro/eDNA_data.mat,Tb.S1,Date.S1
S1,Tb,15,2014-11-26,0.0,False,data_preflight/raw/carraro/eDNA_data.mat,Tb.S1,Date.S1
S1,Tb,16,2014-12-09,0.0,False,data_preflight/raw/carraro/eDNA_data.mat,Tb.S1,Date.S1
S1,Tb,17,2015-01-22,0.0,False,data_preflight/raw/carraro/eDNA_data.mat,Tb.S1,Date.S1
S1,Tb,18,2015-03-19,0.0,False,data_preflight/raw/carraro/eDNA_data.mat,Tb.S1,Date.S1
S1,Tb,19,2015-04-09,0.0,False,data_preflight/raw/carraro/eDNA_data.mat,Tb.S1,Date.S1
S1,Tb,20,2015-04-29,0.0,False,data_preflight/raw/carraro/eDNA_data.mat,Tb.S1,Date.S1
S1,Tb,21,2015-05-15,6.788394566422633e-17,True,data_preflight/raw/carraro/eDNA_data.mat,Tb.S1,Date.S1
S2,Fs,1,2014-05-28,0.0,False,data_preflight/raw/carraro/eDNA_data.mat,Fs.S2,Date.S2
S2,Fs,2,2014-06-11,0.0,False,data_preflight/raw/carraro/eDNA_data.mat,Fs.S2,Date.S2
S2,Fs,3,2014-06-19,1.3376363881713361e-17,True,data_preflight/raw/carraro/eDNA_data.mat,Fs.S2,Date.S2
S2,Fs,4,2014-06-25,0.0,False,data_preflight/raw/carraro/eDNA_data.mat,Fs.S2,Date.S2
S2,Fs,5,2014-07-11,1.6500891195818592e-17,True,data_preflight/raw/carraro/eDNA_data.mat,Fs.S2,Date.S2
S2,Fs,6,2014-07-24,8.861984299257433e-18,True,data_preflight/raw/carraro/eDNA_data.mat,Fs.S2,Date.S2
S2,Fs,7,2014-08-07,1.713772498566238e-17,True,data_preflight/raw/carraro/eDNA_data.mat,Fs.S2,Date.S2
S2,Fs,8,2014-08-21,0.0,False,data_preflight/raw/carraro/eDNA_data.mat,Fs.S2,Date.S2
S2,Fs,9,2014-09-08,1.4271575310437882e-17,True,data_preflight/raw/carraro/eDNA_data.mat,Fs.S2,Date.S2
S2,Fs,10,2014-09-17,0.0,False,data_preflight/raw/carraro/eDNA_data.mat,Fs.S2,Date.S2
S2,Fs,11,2014-10-02,0.0,False,data_preflight/raw/carraro/eDNA_data.mat,Fs.S2,Date.S2
S2,Fs,12,2014-10-16,0.0,False,data_preflight/raw/carraro/eDNA_data.mat,Fs.S2,Date.S2
S2,Fs,13,2014-10-29,0.0,False,data_preflight/raw/carraro/eDNA_data.mat,Fs.S2,Date.S2
S2,Fs,14,2014-11-13,1.34509509859086e-17,True,data_preflight/raw/carraro/eDNA_data.mat,Fs.S2,Date.S2
S2,Fs,15,2014-11-26,0.0,False,data_preflight/raw/carraro/eDNA_data.mat,Fs.S2,Date.S2
S2,Fs,16,2014-12-09,2.351091780646373e-17,True,data_preflight/raw/carraro/eDNA_data.mat,Fs.S2,Date.S2
S2,Fs,17,2015-01-22,0.0,False,data_preflight/raw/carraro/eDNA_data.mat,Fs.S2,Date.S2
S2,Fs,18,2015-03-19,0.0,False,data_preflight/raw/carraro/eDNA_data.mat,Fs.S2,Date.S2
S2,Fs,19,2015-04-09,0.0,False,data_preflight/raw/carraro/eDNA_data.mat,Fs.S2,Date.S2
S2,Fs,20,2015-04-29,0.0,False,data_preflight/raw/carraro/eDNA_data.mat,Fs.S2,Date.S2
S2,Fs,21,2015-05-15,0.0,False,data_preflight/raw/carraro/eDNA_data.mat,Fs.S2,Date.S2
S2,Tb,1,2014-05-28,0.0,False,data_preflight/raw/carraro/eDNA_data.mat,Tb.S2,Date.S2
S2,Tb,2,2014-06-11,2.8792202766685436e-17,True,data_preflight/raw/carraro/eDNA_data.mat,Tb.S2,Date.S2
S2,Tb,3,2014-06-19,1.7440545726237863e-17,True,data_preflight/raw/carraro/eDNA_data.mat,Tb.S2,Date.S2
S2,Tb,4,2014-06-25,0.0,False,data_preflight/raw/carraro/eDNA_data.mat,Tb.S2,Date.S2
S2,Tb,5,2014-07-11,0.0,False,data_preflight/raw/carraro/eDNA_data.mat,Tb.S2,Date.S2
S2,Tb,6,2014-07-24,3.30454916174628e-17,True,data_preflight/raw/carraro/eDNA_data.mat,Tb.S2,Date.S2
S2,Tb,7,2014-08-07,4.903241487192216e-17,True,data_preflight/raw/carraro/eDNA_data.mat,Tb.S2,Date.S2
S2,Tb,8,2014-08-21,2.2274819062320674e-17,True,data_preflight/raw/carraro/eDNA_data.mat,Tb.S2,Date.S2
S2,Tb,9,2014-09-08,7.797056566813728e-17,True,data_preflight/raw/carraro/eDNA_data.mat,Tb.S2,Date.S2
S2,Tb,10,2014-09-17,0.0,False,data_preflight/raw/carraro/eDNA_data.mat,Tb.S2,Date.S2
S2,Tb,11,2014-10-02,0.0,False,data_preflight/raw/carraro/eDNA_data.mat,Tb.S2,Date.S2
S2,Tb,12,2014-10-16,0.0,False,data_preflight/raw/carraro/eDNA_data.mat,Tb.S2,Date.S2
S2,Tb,13,2014-10-29,0.0,False,data_preflight/raw/carraro/eDNA_data.mat,Tb.S2,Date.S2
S2,Tb,14,2014-11-13,0.0,False,data_preflight/raw/carraro/eDNA_data.mat,Tb.S2,Date.S2
S2,Tb,15,2014-11-26,0.0,False,data_preflight/raw/carraro/eDNA_data.mat,Tb.S2,Date.S2
S2,Tb,16,2014-12-09,0.0,False,data_preflight/raw/carraro/eDNA_data.mat,Tb.S2,Date.S2
S2,Tb,17,2015-01-22,0.0,False,data_preflight/raw/carraro/eDNA_data.mat,Tb.S2,Date.S2
S2,Tb,18,2015-03-19,0.0,False,data_preflight/raw/carraro/eDNA_data.mat,Tb.S2,Date.S2
S2,Tb,19,2015-04-09,0.0,False,data_preflight/raw/carraro/eDNA_data.mat,Tb.S2,Date.S2
S2,Tb,20,2015-04-29,0.0,False,data_preflight/raw/carraro/eDNA_data.mat,Tb.S2,Date.S2
S2,Tb,21,2015-05-15,0.0,False,data_preflight/raw/carraro/eDNA_data.mat,Tb.S2,Date.S2
S3,Fs,1,2014-05-28,8.037146939413968e-18,True,data_preflight/raw/carraro/eDNA_data.mat,Fs.S3,Date.S3
S3,Fs,2,2014-06-11,0.0,False,data_preflight/raw/carraro/eDNA_data.mat,Fs.S3,Date.S3
S3,Fs,3,2014-06-19,0.0,False,data_preflight/raw/carraro/eDNA_data.mat,Fs.S3,Date.S3
S3,Fs,4,2014-06-25,1.0707247279215528e-17,True,data_preflight/raw/carraro/eDNA_data.mat,Fs.S3,Date.S3
S3,Fs,5,2014-07-11,1.806750101618645e-17,True,data_preflight/raw/carraro/eDNA_data.mat,Fs.S3,Date.S3
S3,Fs,6,2014-07-24,0.0,False,data_preflight/raw/carraro/eDNA_data.mat,Fs.S3,Date.S3
S3,Fs,7,2014-08-07,0.0,False,data_preflight/raw/carraro/eDNA_data.mat,Fs.S3,Date.S3
S3,Fs,8,2014-08-21,0.0,False,data_preflight/raw/carraro/eDNA_data.mat,Fs.S3,Date.S3
S3,Fs,9,2014-09-08,1.649067756756535e-17,True,data_preflight/raw/carraro/eDNA_data.mat,Fs.S3,Date.S3
S3,Fs,10,2014-09-17,0.0,False,data_preflight/raw/carraro/eDNA_data.mat,Fs.S3,Date.S3
S3,Fs,11,2014-10-02,0.0,False,data_preflight/raw/carraro/eDNA_data.mat,Fs.S3,Date.S3
S3,Fs,12,2014-10-16,0.0,False,data_preflight/raw/carraro/eDNA_data.mat,Fs.S3,Date.S3
S3,Fs,13,2014-10-29,0.0,False,data_preflight/raw/carraro/eDNA_data.mat,Fs.S3,Date.S3
S3,Fs,14,2014-11-13,0.0,False,data_preflight/raw/carraro/eDNA_data.mat,Fs.S3,Date.S3
S3,Fs,15,2014-11-26,1.3740591797228806e-17,True,data_preflight/raw/carraro/eDNA_data.mat,Fs.S3,Date.S3
S3,Fs,16,2014-12-09,1.1185320763472879e-17,True,data_preflight/raw/carraro/eDNA_data.mat,Fs.S3,Date.S3
S3,Fs,17,2015-01-22,0.0,False,data_preflight/raw/carraro/eDNA_data.mat,Fs.S3,Date.S3
S3,Fs,18,2015-03-19,0.0,False,data_preflight/raw/carraro/eDNA_data.mat,Fs.S3,Date.S3
S3,Fs,19,2015-04-09,0.0,False,data_preflight/raw/carraro/eDNA_data.mat,Fs.S3,Date.S3
S3,Fs,20,2015-04-29,0.0,False,data_preflight/raw/carraro/eDNA_data.mat,Fs.S3,Date.S3
S3,Fs,21,2015-05-15,0.0,False,data_preflight/raw/carraro/eDNA_data.mat,Fs.S3,Date.S3
S3,Tb,1,2014-05-28,7.843706958930289e-17,True,data_preflight/raw/carraro/eDNA_data.mat,Tb.S3,Date.S3
S3,Tb,2,2014-06-11,1.0497344176566143e-16,True,data_preflight/raw/carraro/eDNA_data.mat,Tb.S3,Date.S3
S3,Tb,3,2014-06-19,0.0,False,data_preflight/raw/carraro/eDNA_data.mat,Tb.S3,Date.S3
S3,Tb,4,2014-06-25,4.3467289482642476e-17,True,data_preflight/raw/carraro/eDNA_data.mat,Tb.S3,Date.S3
S3,Tb,5,2014-07-11,0.0,False,data_preflight/raw/carraro/eDNA_data.mat,Tb.S3,Date.S3
S3,Tb,6,2014-07-24,0.0,False,data_preflight/raw/carraro/eDNA_data.mat,Tb.S3,Date.S3
S3,Tb,7,2014-08-07,0.0,False,data_preflight/raw/carraro/eDNA_data.mat,Tb.S3,Date.S3
S3,Tb,8,2014-08-21,2.941557354746904e-17,True,data_preflight/raw/carraro/eDNA_data.mat,Tb.S3,Date.S3
S3,Tb,9,2014-09-08,0.0,False,data_preflight/raw/carraro/eDNA_data.mat,Tb.S3,Date.S3
S3,Tb,10,2014-09-17,1.5072814895980634e-17,True,data_preflight/raw/carraro/eDNA_data.mat,Tb.S3,Date.S3
S3,Tb,11,2014-10-02,0.0,False,data_preflight/raw/carraro/eDNA_data.mat,Tb.S3,Date.S3
S3,Tb,12,2014-10-16,0.0,False,data_preflight/raw/carraro/eDNA_data.mat,Tb.S3,Date.S3
S3,Tb,13,2014-10-29,0.0,False,data_preflight/raw/carraro/eDNA_data.mat,Tb.S3,Date.S3
S3,Tb,14,2014-11-13,0.0,False,data_preflight/raw/carraro/eDNA_data.mat,Tb.S3,Date.S3
S3,Tb,15,2014-11-26,0.0,False,data_preflight/raw/carraro/eDNA_data.mat,Tb.S3,Date.S3
S3,Tb,16,2014-12-09,1.066844448155832e-16,True,data_preflight/raw/carraro/eDNA_data.mat,Tb.S3,Date.S3
S3,Tb,17,2015-01-22,0.0,False,data_preflight/raw/carraro/eDNA_data.mat,Tb.S3,Date.S3
S3,Tb,18,2015-03-19,0.0,False,data_preflight/raw/carraro/eDNA_data.mat,Tb.S3,Date.S3
S3,Tb,19,2015-04-09,0.0,False,data_preflight/raw/carraro/eDNA_data.mat,Tb.S3,Date.S3
S3,Tb,20,2015-04-29,0.0,False,data_preflight/raw/carraro/eDNA_data.mat,Tb.S3,Date.S3
S3,Tb,21,2015-05-15,8.846686416215544e-17,True,data_preflight/raw/carraro/eDNA_data.mat,Tb.S3,Date.S3
S4,Fs,1,2014-05-28,0.0,False,data_preflight/raw/carraro/eDNA_data.mat,Fs.S4,Date.S4
S4,Fs,2,2014-06-11,1.7106876532306824e-17,True,data_preflight/raw/carraro/eDNA_data.mat,Fs.S4,Date.S4
S4,Fs,3,2014-06-19,7.671931811563752e-18,True,data_preflight/raw/carraro/eDNA_data.mat,Fs.S4,Date.S4
S4,Fs,4,2014-06-25,0.0,False,data_preflight/raw/carraro/eDNA_data.mat,Fs.S4,Date.S4
S4,Fs,5,2014-07-11,1.5438089109750768e-17,True,data_preflight/raw/carraro/eDNA_data.mat,Fs.S4,Date.S4
S4,Fs,6,2014-07-24,0.0,False,data_preflight/raw/carraro/eDNA_data.mat,Fs.S4,Date.S4
S4,Fs,7,2014-08-07,0.0,False,data_preflight/raw/carraro/eDNA_data.mat,Fs.S4,Date.S4
S4,Fs,8,2014-08-21,0.0,False,data_preflight/raw/carraro/eDNA_data.mat,Fs.S4,Date.S4
S4,Fs,9,2014-09-08,0.0,False,data_preflight/raw/carraro/eDNA_data.mat,Fs.S4,Date.S4
S4,Fs,10,2014-09-17,0.0,False,data_preflight/raw/carraro/eDNA_data.mat,Fs.S4,Date.S4
S4,Fs,11,2014-10-02,0.0,False,data_preflight/raw/carraro/eDNA_data.mat,Fs.S4,Date.S4
S4,Fs,12,2014-10-16,0.0,False,data_preflight/raw/carraro/eDNA_data.mat,Fs.S4,Date.S4
S4,Fs,13,2014-10-29,0.0,False,data_preflight/raw/carraro/eDNA_data.mat,Fs.S4,Date.S4
S4,Fs,14,2014-11-13,0.0,False,data_preflight/raw/carraro/eDNA_data.mat,Fs.S4,Date.S4
S4,Fs,15,2014-11-26,0.0,False,data_preflight/raw/carraro/eDNA_data.mat,Fs.S4,Date.S4
S4,Fs,16,2014-12-09,1.7537941882333752e-17,True,data_preflight/raw/carraro/eDNA_data.mat,Fs.S4,Date.S4
S4,Fs,17,2015-01-22,0.0,False,data_preflight/raw/carraro/eDNA_data.mat,Fs.S4,Date.S4
S4,Fs,18,2015-03-19,0.0,False,data_preflight/raw/carraro/eDNA_data.mat,Fs.S4,Date.S4
S4,Fs,19,2015-04-09,0.0,False,data_preflight/raw/carraro/eDNA_data.mat,Fs.S4,Date.S4
S4,Fs,20,2015-04-29,0.0,False,data_preflight/raw/carraro/eDNA_data.mat,Fs.S4,Date.S4
S4,Fs,21,2015-05-15,1.5304910244217895e-17,True,data_preflight/raw/carraro/eDNA_data.mat,Fs.S4,Date.S4
S4,Tb,1,2014-05-28,0.0,False,data_preflight/raw/carraro/eDNA_data.mat,Tb.S4,Date.S4
S4,Tb,2,2014-06-11,1.0375552438949665e-16,True,data_preflight/raw/carraro/eDNA_data.mat,Tb.S4,Date.S4
S4,Tb,3,2014-06-19,1.6075700401985544e-17,True,data_preflight/raw/carraro/eDNA_data.mat,Tb.S4,Date.S4
S4,Tb,4,2014-06-25,0.0,False,data_preflight/raw/carraro/eDNA_data.mat,Tb.S4,Date.S4
S4,Tb,5,2014-07-11,0.0,False,data_preflight/raw/carraro/eDNA_data.mat,Tb.S4,Date.S4
S4,Tb,6,2014-07-24,0.0,False,data_preflight/raw/carraro/eDNA_data.mat,Tb.S4,Date.S4
S4,Tb,7,2014-08-07,0.0,False,data_preflight/raw/carraro/eDNA_data.mat,Tb.S4,Date.S4
S4,Tb,8,2014-08-21,0.0,False,data_preflight/raw/carraro/eDNA_data.mat,Tb.S4,Date.S4
S4,Tb,9,2014-09-08,0.0,False,data_preflight/raw/carraro/eDNA_data.mat,Tb.S4,Date.S4
S4,Tb,10,2014-09-17,0.0,False,data_preflight/raw/carraro/eDNA_data.mat,Tb.S4,Date.S4
S4,Tb,11,2014-10-02,0.0,False,data_preflight/raw/carraro/eDNA_data.mat,Tb.S4,Date.S4
S4,Tb,12,2014-10-16,0.0,False,data_preflight/raw/carraro/eDNA_data.mat,Tb.S4,Date.S4
S4,Tb,13,2014-10-29,0.0,False,data_preflight/raw/carraro/eDNA_data.mat,Tb.S4,Date.S4
S4,Tb,14,2014-11-13,0.0,False,data_preflight/raw/carraro/eDNA_data.mat,Tb.S4,Date.S4
S4,Tb,15,2014-11-26,3.219320175150336e-17,True,data_preflight/raw/carraro/eDNA_data.mat,Tb.S4,Date.S4
S4,Tb,16,2014-12-09,9.00988008378288e-17,True,data_preflight/raw/carraro/eDNA_data.mat,Tb.S4,Date.S4
S4,Tb,17,2015-01-22,0.0,False,data_preflight/raw/carraro/eDNA_data.mat,Tb.S4,Date.S4
S4,Tb,18,2015-03-19,0.0,False,data_preflight/raw/carraro/eDNA_data.mat,Tb.S4,Date.S4
S4,Tb,19,2015-04-09,0.0,False,data_preflight/raw/carraro/eDNA_data.mat,Tb.S4,Date.S4
S4,Tb,20,2015-04-29,0.0,False,data_preflight/raw/carraro/eDNA_data.mat,Tb.S4,Date.S4
S4,Tb,21,2015-05-15,6.62182124929416e-17,True,data_preflight/raw/carraro/eDNA_data.mat,Tb.S4,Date.S4
S5,Fs,1,2014-05-28,0.0,False,data_preflight/raw/carraro/eDNA_data.mat,Fs.S5,Date.S5
S5,Fs,2,2014-06-11,1.4809034142400706e-17,True,data_preflight/raw/carraro/eDNA_data.mat,Fs.S5,Date.S5
S5,Fs,3,2014-06-19,0.0,False,data_preflight/raw/carraro/eDNA_data.mat,Fs.S5,Date.S5
S5,Fs,4,2014-06-25,0.0,False,data_preflight/raw/carraro/eDNA_data.mat,Fs.S5,Date.S5
S5,Fs,6,2014-07-24,0.0,False,data_preflight/raw/carraro/eDNA_data.mat,Fs.S5,Date.S5
S5,Fs,7,2014-08-07,0.0,False,data_preflight/raw/carraro/eDNA_data.mat,Fs.S5,Date.S5
S5,Fs,8,2014-08-21,0.0,False,data_preflight/raw/carraro/eDNA_data.mat,Fs.S5,Date.S5
S5,Fs,9,2014-09-08,0.0,False,data_preflight/raw/carraro/eDNA_data.mat,Fs.S5,Date.S5
S5,Fs,10,2014-09-17,0.0,False,data_preflight/raw/carraro/eDNA_data.mat,Fs.S5,Date.S5
S5,Fs,11,2014-10-02,0.0,False,data_preflight/raw/carraro/eDNA_data.mat,Fs.S5,Date.S5
S5,Fs,12,2014-10-16,0.0,False,data_preflight/raw/carraro/eDNA_data.mat,Fs.S5,Date.S5
S5,Tb,1,2014-05-28,0.0,False,data_preflight/raw/carraro/eDNA_data.mat,Tb.S5,Date.S5
S5,Tb,2,2014-06-11,0.0,False,data_preflight/raw/carraro/eDNA_data.mat,Tb.S5,Date.S5
S5,Tb,3,2014-06-19,0.0,False,data_preflight/raw/carraro/eDNA_data.mat,Tb.S5,Date.S5
S5,Tb,4,2014-06-25,0.0,False,data_preflight/raw/carraro/eDNA_data.mat,Tb.S5,Date.S5
S5,Tb,6,2014-07-24,1.2655684202304191e-17,True,data_preflight/raw/carraro/eDNA_data.mat,Tb.S5,Date.S5
S5,Tb,7,2014-08-07,0.0,False,data_preflight/raw/carraro/eDNA_data.mat,Tb.S5,Date.S5
S5,Tb,8,2014-08-21,0.0,False,data_preflight/raw/carraro/eDNA_data.mat,Tb.S5,Date.S5
S5,Tb,9,2014-09-08,0.0,False,data_preflight/raw/carraro/eDNA_data.mat,Tb.S5,Date.S5
S5,Tb,10,2014-09-17,0.0,False,data_preflight/raw/carraro/eDNA_data.mat,Tb.S5,Date.S5
S5,Tb,11,2014-10-02,0.0,False,data_preflight/raw/carraro/eDNA_data.mat,Tb.S5,Date.S5
S5,Tb,12,2014-10-16,0.0,False,data_preflight/raw/carraro/eDNA_data.mat,Tb.S5,Date.S5
S6,Fs,1,2014-05-28,1.9644532529859335e-17,True,data_preflight/raw/carraro/eDNA_data.mat,Fs.S6,Date.S6
S6,Fs,2,2014-06-11,0.0,False,data_preflight/raw/carraro/eDNA_data.mat,Fs.S6,Date.S6
S6,Fs,3,2014-06-19,3.177455423797128e-17,True,data_preflight/raw/carraro/eDNA_data.mat,Fs.S6,Date.S6
S6,Fs,4,2014-06-25,2.40132651590628e-17,True,data_preflight/raw/carraro/eDNA_data.mat,Fs.S6,Date.S6
S6,Fs,5,2014-07-11,4.241019361576008e-17,True,data_preflight/raw/carraro/eDNA_data.mat,Fs.S6,Date.S6
S6,Fs,6,2014-07-24,1.751359007661859e-17,True,data_preflight/raw/carraro/eDNA_data.mat,Fs.S6,Date.S6
S6,Fs,7,2014-08-07,9.461825820609791e-18,True,data_preflight/raw/carraro/eDNA_data.mat,Fs.S6,Date.S6
S6,Fs,9,2014-09-08,2.7966348895349513e-17,True,data_preflight/raw/carraro/eDNA_data.mat,Fs.S6,Date.S6
S6,Fs,10,2014-09-17,1.0389484133880792e-17,True,data_preflight/raw/carraro/eDNA_data.mat,Fs.S6,Date.S6
S6,Fs,11,2014-10-02,0.0,False,data_preflight/raw/carraro/eDNA_data.mat,Fs.S6,Date.S6
S6,Fs,12,2014-10-16,2.0887354385265577e-17,True,data_preflight/raw/carraro/eDNA_data.mat,Fs.S6,Date.S6
S6,Fs,13,2014-10-29,1.8168904499058144e-17,True,data_preflight/raw/carraro/eDNA_data.mat,Fs.S6,Date.S6
S6,Fs,14,2014-11-13,0.0,False,data_preflight/raw/carraro/eDNA_data.mat,Fs.S6,Date.S6
S6,Fs,15,2014-11-26,2.4325549882816798e-17,True,data_preflight/raw/carraro/eDNA_data.mat,Fs.S6,Date.S6
S6,Fs,16,2014-12-09,1.7088389225333757e-17,True,data_preflight/raw/carraro/eDNA_data.mat,Fs.S6,Date.S6
S6,Fs,17,2015-01-22,0.0,False,data_preflight/raw/carraro/eDNA_data.mat,Fs.S6,Date.S6
S6,Fs,18,2015-03-19,0.0,False,data_preflight/raw/carraro/eDNA_data.mat,Fs.S6,Date.S6
S6,Fs,19,2015-04-09,0.0,False,data_preflight/raw/carraro/eDNA_data.mat,Fs.S6,Date.S6
S6,Fs,20,2015-04-29,0.0,False,data_preflight/raw/carraro/eDNA_data.mat,Fs.S6,Date.S6
S6,Fs,21,2015-05-15,1.2971828837520695e-17,True,data_preflight/raw/carraro/eDNA_data.mat,Fs.S6,Date.S6
S6,Tb,1,2014-05-28,2.436035182150896e-17,True,data_preflight/raw/carraro/eDNA_data.mat,Tb.S6,Date.S6
S6,Tb,2,2014-06-11,0.0,False,data_preflight/raw/carraro/eDNA_data.mat,Tb.S6,Date.S6
S6,Tb,3,2014-06-19,4.880802871029744e-17,True,data_preflight/raw/carraro/eDNA_data.mat,Tb.S6,Date.S6
S6,Tb,4,2014-06-25,0.0,False,data_preflight/raw/carraro/eDNA_data.mat,Tb.S6,Date.S6
S6,Tb,5,2014-07-11,0.0,False,data_preflight/raw/carraro/eDNA_data.mat,Tb.S6,Date.S6
S6,Tb,6,2014-07-24,0.0,False,data_preflight/raw/carraro/eDNA_data.mat,Tb.S6,Date.S6
S6,Tb,7,2014-08-07,4.035961492962504e-17,True,data_preflight/raw/carraro/eDNA_data.mat,Tb.S6,Date.S6
S6,Tb,9,2014-09-08,0.0,False,data_preflight/raw/carraro/eDNA_data.mat,Tb.S6,Date.S6
S6,Tb,10,2014-09-17,0.0,False,data_preflight/raw/carraro/eDNA_data.mat,Tb.S6,Date.S6
S6,Tb,11,2014-10-02,0.0,False,data_preflight/raw/carraro/eDNA_data.mat,Tb.S6,Date.S6
S6,Tb,12,2014-10-16,0.0,False,data_preflight/raw/carraro/eDNA_data.mat,Tb.S6,Date.S6
S6,Tb,13,2014-10-29,0.0,False,data_preflight/raw/carraro/eDNA_data.mat,Tb.S6,Date.S6
S6,Tb,14,2014-11-13,0.0,False,data_preflight/raw/carraro/eDNA_data.mat,Tb.S6,Date.S6
S6,Tb,15,2014-11-26,0.0,False,data_preflight/raw/carraro/eDNA_data.mat,Tb.S6,Date.S6
S6,Tb,16,2014-12-09,1.0019379950169672e-16,True,data_preflight/raw/carraro/eDNA_data.mat,Tb.S6,Date.S6
S6,Tb,17,2015-01-22,0.0,False,data_preflight/raw/carraro/eDNA_data.mat,Tb.S6,Date.S6
S6,Tb,18,2015-03-19,0.0,False,data_preflight/raw/carraro/eDNA_data.mat,Tb.S6,Date.S6
S6,Tb,19,2015-04-09,0.0,False,data_preflight/raw/carraro/eDNA_data.mat,Tb.S6,Date.S6
S6,Tb,20,2015-04-29,0.0,False,data_preflight/raw/carraro/eDNA_data.mat,Tb.S6,Date.S6
S6,Tb,21,2015-05-15,0.0,False,data_preflight/raw/carraro/eDNA_data.mat,Tb.S6,Date.S6
S7,Fs,1,2014-05-28,0.0,False,data_preflight/raw/carraro/eDNA_data.mat,Fs.S7,Date.S7
S7,Fs,2,2014-06-11,1.2025252402388376e-17,True,data_preflight/raw/carraro/eDNA_data.mat,Fs.S7,Date.S7
S7,Fs,3,2014-06-19,1.3021949251404334e-17,True,data_preflight/raw/carraro/eDNA_data.mat,Fs.S7,Date.S7
S7,Fs,4,2014-06-25,0.0,False,data_preflight/raw/carraro/eDNA_data.mat,Fs.S7,Date.S7
S7,Fs,5,2014-07-11,0.0,False,data_preflight/raw/carraro/eDNA_data.mat,Fs.S7,Date.S7
S7,Fs,6,2014-07-24,0.0,False,data_preflight/raw/carraro/eDNA_data.mat,Fs.S7,Date.S7
S7,Fs,7,2014-08-07,5.7542455721336406e-18,True,data_preflight/raw/carraro/eDNA_data.mat,Fs.S7,Date.S7
S7,Fs,8,2014-08-21,0.0,False,data_preflight/raw/carraro/eDNA_data.mat,Fs.S7,Date.S7
S7,Fs,9,2014-09-08,1.0855329428387016e-17,True,data_preflight/raw/carraro/eDNA_data.mat,Fs.S7,Date.S7
S7,Fs,10,2014-09-17,0.0,False,data_preflight/raw/carraro/eDNA_data.mat,Fs.S7,Date.S7
S7,Fs,11,2014-10-02,0.0,False,data_preflight/raw/carraro/eDNA_data.mat,Fs.S7,Date.S7
S7,Fs,12,2014-10-16,0.0,False,data_preflight/raw/carraro/eDNA_data.mat,Fs.S7,Date.S7
S7,Fs,13,2014-10-29,0.0,False,data_preflight/raw/carraro/eDNA_data.mat,Fs.S7,Date.S7
S7,Fs,14,2014-11-13,0.0,False,data_preflight/raw/carraro/eDNA_data.mat,Fs.S7,Date.S7
S7,Fs,15,2014-11-26,0.0,False,data_preflight/raw/carraro/eDNA_data.mat,Fs.S7,Date.S7
S7,Fs,16,2014-12-09,0.0,False,data_preflight/raw/carraro/eDNA_data.mat,Fs.S7,Date.S7
S7,Fs,17,2015-01-22,0.0,False,data_preflight/raw/carraro/eDNA_data.mat,Fs.S7,Date.S7
S7,Fs,18,2015-03-19,0.0,False,data_preflight/raw/carraro/eDNA_data.mat,Fs.S7,Date.S7
S7,Fs,19,2015-04-09,0.0,False,data_preflight/raw/carraro/eDNA_data.mat,Fs.S7,Date.S7
S7,Fs,20,2015-04-29,0.0,False,data_preflight/raw/carraro/eDNA_data.mat,Fs.S7,Date.S7
S7,Fs,21,2015-05-15,0.0,False,data_preflight/raw/carraro/eDNA_data.mat,Fs.S7,Date.S7
S7,Tb,1,2014-05-28,0.0,False,data_preflight/raw/carraro/eDNA_data.mat,Tb.S7,Date.S7
S7,Tb,2,2014-06-11,0.0,False,data_preflight/raw/carraro/eDNA_data.mat,Tb.S7,Date.S7
S7,Tb,3,2014-06-19,6.445594553857248e-17,True,data_preflight/raw/carraro/eDNA_data.mat,Tb.S7,Date.S7
S7,Tb,4,2014-06-25,0.0,False,data_preflight/raw/carraro/eDNA_data.mat,Tb.S7,Date.S7
S7,Tb,5,2014-07-11,0.0,False,data_preflight/raw/carraro/eDNA_data.mat,Tb.S7,Date.S7
S7,Tb,6,2014-07-24,0.0,False,data_preflight/raw/carraro/eDNA_data.mat,Tb.S7,Date.S7
S7,Tb,7,2014-08-07,0.0,False,data_preflight/raw/carraro/eDNA_data.mat,Tb.S7,Date.S7
S7,Tb,8,2014-08-21,0.0,False,data_preflight/raw/carraro/eDNA_data.mat,Tb.S7,Date.S7
S7,Tb,9,2014-09-08,0.0,False,data_preflight/raw/carraro/eDNA_data.mat,Tb.S7,Date.S7
S7,Tb,10,2014-09-17,0.0,False,data_preflight/raw/carraro/eDNA_data.mat,Tb.S7,Date.S7
S7,Tb,11,2014-10-02,0.0,False,data_preflight/raw/carraro/eDNA_data.mat,Tb.S7,Date.S7
S7,Tb,12,2014-10-16,0.0,False,data_preflight/raw/carraro/eDNA_data.mat,Tb.S7,Date.S7
S7,Tb,13,2014-10-29,0.0,False,data_preflight/raw/carraro/eDNA_data.mat,Tb.S7,Date.S7
S7,Tb,14,2014-11-13,0.0,False,data_preflight/raw/carraro/eDNA_data.mat,Tb.S7,Date.S7
S7,Tb,15,2014-11-26,0.0,False,data_preflight/raw/carraro/eDNA_data.mat,Tb.S7,Date.S7
S7,Tb,16,2014-12-09,0.0,False,data_preflight/raw/carraro/eDNA_data.mat,Tb.S7,Date.S7
S7,Tb,17,2015-01-22,0.0,False,data_preflight/raw/carraro/eDNA_data.mat,Tb.S7,Date.S7
S7,Tb,18,2015-03-19,0.0,False,data_preflight/raw/carraro/eDNA_data.mat,Tb.S7,Date.S7
S7,Tb,19,2015-04-09,0.0,False,data_preflight/raw/carraro/eDNA_data.mat,Tb.S7,Date.S7
S7,Tb,20,2015-04-29,0.0,False,data_preflight/raw/carraro/eDNA_data.mat,Tb.S7,Date.S7
S7,Tb,21,2015-05-15,0.0,False,data_preflight/raw/carraro/eDNA_data.mat,Tb.S7,Date.S7
S8,Fs,2,2014-06-11,1.0163562386945568e-17,True,data_preflight/raw/carraro/eDNA_data.mat,Fs.S8,Date.S8
S8,Fs,3,2014-06-19,2.1173272172004695e-17,True,data_preflight/raw/carraro/eDNA_data.mat,Fs.S8,Date.S8
S8,Fs,4,2014-06-25,1.1138477963599176e-17,True,data_preflight/raw/carraro/eDNA_data.mat,Fs.S8,Date.S8
S8,Fs,5,2014-07-11,1.768712494752936e-17,True,data_preflight/raw/carraro/eDNA_data.mat,Fs.S8,Date.S8
S8,Fs,6,2014-07-24,0.0,False,data_preflight/raw/carraro/eDNA_data.mat,Fs.S8,Date.S8
S8,Fs,7,2014-08-07,0.0,False,data_preflight/raw/carraro/eDNA_data.mat,Fs.S8,Date.S8
S8,Fs,8,2014-08-21,6.5500173125550954e-18,True,data_preflight/raw/carraro/eDNA_data.mat,Fs.S8,Date.S8
S8,Fs,9,2014-09-08,1.4928991173905423e-17,True,data_preflight/raw/carraro/eDNA_data.mat,Fs.S8,Date.S8
S8,Fs,10,2014-09-17,0.0,False,data_preflight/raw/carraro/eDNA_data.mat,Fs.S8,Date.S8
S8,Fs,11,2014-10-02,1.0074720035785945e-17,True,data_preflight/raw/carraro/eDNA_data.mat,Fs.S8,Date.S8
S8,Fs,12,2014-10-16,0.0,False,data_preflight/raw/carraro/eDNA_data.mat,Fs.S8,Date.S8
S8,Fs,13,2014-10-29,0.0,False,data_preflight/raw/carraro/eDNA_data.mat,Fs.S8,Date.S8
S8,Fs,14,2014-11-13,0.0,False,data_preflight/raw/carraro/eDNA_data.mat,Fs.S8,Date.S8
S8,Fs,15,2014-11-26,0.0,False,data_preflight/raw/carraro/eDNA_data.mat,Fs.S8,Date.S8
S8,Fs,16,2014-12-09,2.7466982635577275e-17,True,data_preflight/raw/carraro/eDNA_data.mat,Fs.S8,Date.S8
S8,Fs,17,2015-01-22,0.0,False,data_preflight/raw/carraro/eDNA_data.mat,Fs.S8,Date.S8
S8,Fs,18,2015-03-19,0.0,False,data_preflight/raw/carraro/eDNA_data.mat,Fs.S8,Date.S8
S8,Fs,19,2015-04-09,0.0,False,data_preflight/raw/carraro/eDNA_data.mat,Fs.S8,Date.S8
S8,Fs,20,2015-04-29,0.0,False,data_preflight/raw/carraro/eDNA_data.mat,Fs.S8,Date.S8
S8,Fs,21,2015-05-15,0.0,False,data_preflight/raw/carraro/eDNA_data.mat,Fs.S8,Date.S8
S8,Tb,2,2014-06-11,0.0,False,data_preflight/raw/carraro/eDNA_data.mat,Tb.S8,Date.S8
S8,Tb,3,2014-06-19,7.910401615918152e-17,True,data_preflight/raw/carraro/eDNA_data.mat,Tb.S8,Date.S8
S8,Tb,4,2014-06-25,0.0,False,data_preflight/raw/carraro/eDNA_data.mat,Tb.S8,Date.S8
S8,Tb,5,2014-07-11,0.0,False,data_preflight/raw/carraro/eDNA_data.mat,Tb.S8,Date.S8
S8,Tb,6,2014-07-24,0.0,False,data_preflight/raw/carraro/eDNA_data.mat,Tb.S8,Date.S8
S8,Tb,7,2014-08-07,0.0,False,data_preflight/raw/carraro/eDNA_data.mat,Tb.S8,Date.S8
S8,Tb,8,2014-08-21,0.0,False,data_preflight/raw/carraro/eDNA_data.mat,Tb.S8,Date.S8
S8,Tb,9,2014-09-08,0.0,False,data_preflight/raw/carraro/eDNA_data.mat,Tb.S8,Date.S8
S8,Tb,10,2014-09-17,0.0,False,data_preflight/raw/carraro/eDNA_data.mat,Tb.S8,Date.S8
S8,Tb,11,2014-10-02,0.0,False,data_preflight/raw/carraro/eDNA_data.mat,Tb.S8,Date.S8
S8,Tb,12,2014-10-16,1.2366219705752064e-17,True,data_preflight/raw/carraro/eDNA_data.mat,Tb.S8,Date.S8
S8,Tb,13,2014-10-29,0.0,False,data_preflight/raw/carraro/eDNA_data.mat,Tb.S8,Date.S8
S8,Tb,14,2014-11-13,0.0,False,data_preflight/raw/carraro/eDNA_data.mat,Tb.S8,Date.S8
S8,Tb,15,2014-11-26,2.76275822810796e-17,True,data_preflight/raw/carraro/eDNA_data.mat,Tb.S8,Date.S8
S8,Tb,16,2014-12-09,0.0,False,data_preflight/raw/carraro/eDNA_data.mat,Tb.S8,Date.S8
S8,Tb,17,2015-01-22,0.0,False,data_preflight/raw/carraro/eDNA_data.mat,Tb.S8,Date.S8
S8,Tb,18,2015-03-19,0.0,False,data_preflight/raw/carraro/eDNA_data.mat,Tb.S8,Date.S8
S8,Tb,19,2015-04-09,0.0,False,data_preflight/raw/carraro/eDNA_data.mat,Tb.S8,Date.S8
S8,Tb,20,2015-04-29,0.0,False,data_preflight/raw/carraro/eDNA_data.mat,Tb.S8,Date.S8
S8,Tb,21,2015-05-15,5.839289196318985e-17,True,data_preflight/raw/carraro/eDNA_data.mat,Tb.S8,Date.S8
S9,Fs,1,2014-05-28,1.0752e-16,True,data_preflight/raw/carraro/eDNA_data.mat,Fs.S9,Date.S9
S9,Fs,2,2014-06-11,1.9281501778498534e-17,True,data_preflight/raw/carraro/eDNA_data.mat,Fs.S9,Date.S9
S9,Fs,3,2014-06-19,2.0737991791547878e-17,True,data_preflight/raw/carraro/eDNA_data.mat,Fs.S9,Date.S9
S9,Fs,4,2014-06-25,2.111171843152469e-17,True,data_preflight/raw/carraro/eDNA_data.mat,Fs.S9,Date.S9
S9,Fs,5,2014-07-11,1.9281786678372458e-17,True,data_preflight/raw/carraro/eDNA_data.mat,Fs.S9,Date.S9
S9,Fs,6,2014-07-24,0.0,False,data_preflight/raw/carraro/eDNA_data.mat,Fs.S9,Date.S9
S9,Fs,7,2014-08-07,0.0,False,data_preflight/raw/carraro/eDNA_data.mat,Fs.S9,Date.S9
S9,Fs,8,2014-08-21,0.0,False,data_preflight/raw/carraro/eDNA_data.mat,Fs.S9,Date.S9
S9,Fs,9,2014-09-08,9.405764461071456e-17,True,data_preflight/raw/carraro/eDNA_data.mat,Fs.S9,Date.S9
S9,Fs,10,2014-09-17,1.2714922973564688e-17,True,data_preflight/raw/carraro/eDNA_data.mat,Fs.S9,Date.S9
S9,Fs,11,2014-10-02,6.433666104269784e-17,True,data_preflight/raw/carraro/eDNA_data.mat,Fs.S9,Date.S9
S9,Fs,12,2014-10-16,2.5250004002251917e-16,True,data_preflight/raw/carraro/eDNA_data.mat,Fs.S9,Date.S9
S9,Fs,13,2014-10-29,4.571492752107144e-17,True,data_preflight/raw/carraro/eDNA_data.mat,Fs.S9,Date.S9
S9,Fs,14,2014-11-13,4.176e-17,True,data_preflight/raw/carraro/eDNA_data.mat,Fs.S9,Date.S9
S9,Fs,15,2014-11-26,1.3678699282575935e-16,True,data_preflight/raw/carraro/eDNA_data.mat,Fs.S9,Date.S9
S9,Fs,16,2014-12-09,1.7232270954439897e-16,True,data_preflight/raw/carraro/eDNA_data.mat,Fs.S9,Date.S9
S9,Fs,17,2015-01-22,0.0,False,data_preflight/raw/carraro/eDNA_data.mat,Fs.S9,Date.S9
S9,Fs,18,2015-03-19,0.0,False,data_preflight/raw/carraro/eDNA_data.mat,Fs.S9,Date.S9
S9,Fs,19,2015-04-09,0.0,False,data_preflight/raw/carraro/eDNA_data.mat,Fs.S9,Date.S9
S9,Fs,20,2015-04-29,3.598229790066096e-17,True,data_preflight/raw/carraro/eDNA_data.mat,Fs.S9,Date.S9
S9,Fs,21,2015-05-15,1.587408410734997e-17,True,data_preflight/raw/carraro/eDNA_data.mat,Fs.S9,Date.S9
S9,Tb,1,2014-05-28,2.664e-16,True,data_preflight/raw/carraro/eDNA_data.mat,Tb.S9,Date.S9
S9,Tb,2,2014-06-11,1.0229891753679334e-16,True,data_preflight/raw/carraro/eDNA_data.mat,Tb.S9,Date.S9
S9,Tb,3,2014-06-19,1.4731861703710248e-16,True,data_preflight/raw/carraro/eDNA_data.mat,Tb.S9,Date.S9
S9,Tb,4,2014-06-25,0.0,False,data_preflight/raw/carraro/eDNA_data.mat,Tb.S9,Date.S9
S9,Tb,5,2014-07-11,9.35412317158392e-17,True,data_preflight/raw/carraro/eDNA_data.mat,Tb.S9,Date.S9
S9,Tb,6,2014-07-24,0.0,False,data_preflight/raw/carraro/eDNA_data.mat,Tb.S9,Date.S9
S9,Tb,7,2014-08-07,0.0,False,data_preflight/raw/carraro/eDNA_data.mat,Tb.S9,Date.S9
S9,Tb,8,2014-08-21,0.0,False,data_preflight/raw/carraro/eDNA_data.mat,Tb.S9,Date.S9
S9,Tb,9,2014-09-08,0.0,False,data_preflight/raw/carraro/eDNA_data.mat,Tb.S9,Date.S9
S9,Tb,10,2014-09-17,0.0,False,data_preflight/raw/carraro/eDNA_data.mat,Tb.S9,Date.S9
S9,Tb,11,2014-10-02,1.864694458637436e-17,True,data_preflight/raw/carraro/eDNA_data.mat,Tb.S9,Date.S9
S9,Tb,12,2014-10-16,1.176494959140588e-16,True,data_preflight/raw/carraro/eDNA_data.mat,Tb.S9,Date.S9
S9,Tb,13,2014-10-29,0.0,False,data_preflight/raw/carraro/eDNA_data.mat,Tb.S9,Date.S9
S9,Tb,14,2014-11-13,0.0,False,data_preflight/raw/carraro/eDNA_data.mat,Tb.S9,Date.S9
S9,Tb,15,2014-11-26,1.2924183052519945e-16,True,data_preflight/raw/carraro/eDNA_data.mat,Tb.S9,Date.S9
S9,Tb,16,2014-12-09,0.0,False,data_preflight/raw/carraro/eDNA_data.mat,Tb.S9,Date.S9
S9,Tb,17,2015-01-22,0.0,False,data_preflight/raw/carraro/eDNA_data.mat,Tb.S9,Date.S9
S9,Tb,18,2015-03-19,0.0,False,data_preflight/raw/carraro/eDNA_data.mat,Tb.S9,Date.S9
S9,Tb,19,2015-04-09,0.0,False,data_preflight/raw/carraro/eDNA_data.mat,Tb.S9,Date.S9
S9,Tb,20,2015-04-29,0.0,False,data_preflight/raw/carraro/eDNA_data.mat,Tb.S9,Date.S9
S9,Tb,21,2015-05-15,0.0,False,data_preflight/raw/carraro/eDNA_data.mat,Tb.S9,Date.S9
S10,Fs,1,2014-05-28,0.0,False,data_preflight/raw/carraro/eDNA_data.mat,Fs.S10,Date.S10
S10,Fs,2,2014-06-11,1.1546038671133487e-17,True,data_preflight/raw/carraro/eDNA_data.mat,Fs.S10,Date.S10
S10,Fs,3,2014-06-19,0.0,False,data_preflight/raw/carraro/eDNA_data.mat,Fs.S10,Date.S10
S10,Fs,4,2014-06-25,1.6278009142877328e-17,True,data_preflight/raw/carraro/eDNA_data.mat,Fs.S10,Date.S10
S10,Fs,5,2014-07-11,0.0,False,data_preflight/raw/carraro/eDNA_data.mat,Fs.S10,Date.S10
S10,Fs,6,2014-07-24,0.0,False,data_preflight/raw/carraro/eDNA_data.mat,Fs.S10,Date.S10
S10,Fs,7,2014-08-07,0.0,False,data_preflight/raw/carraro/eDNA_data.mat,Fs.S10,Date.S10
S10,Fs,8,2014-08-21,0.0,False,data_preflight/raw/carraro/eDNA_data.mat,Fs.S10,Date.S10
S10,Fs,9,2014-09-08,1.2983027578549657e-17,True,data_preflight/raw/carraro/eDNA_data.mat,Fs.S10,Date.S10
S10,Fs,10,2014-09-17,0.0,False,data_preflight/raw/carraro/eDNA_data.mat,Fs.S10,Date.S10
S10,Fs,11,2014-10-02,0.0,False,data_preflight/raw/carraro/eDNA_data.mat,Fs.S10,Date.S10
S10,Fs,12,2014-10-16,0.0,False,data_preflight/raw/carraro/eDNA_data.mat,Fs.S10,Date.S10
S10,Fs,13,2014-10-29,0.0,False,data_preflight/raw/carraro/eDNA_data.mat,Fs.S10,Date.S10
S10,Fs,14,2014-11-13,0.0,False,data_preflight/raw/carraro/eDNA_data.mat,Fs.S10,Date.S10
S10,Fs,15,2014-11-26,0.0,False,data_preflight/raw/carraro/eDNA_data.mat,Fs.S10,Date.S10
S10,Fs,16,2014-12-09,1.2644855004333433e-17,True,data_preflight/raw/carraro/eDNA_data.mat,Fs.S10,Date.S10
S10,Fs,17,2015-01-22,0.0,False,data_preflight/raw/carraro/eDNA_data.mat,Fs.S10,Date.S10
S10,Fs,18,2015-03-19,0.0,False,data_preflight/raw/carraro/eDNA_data.mat,Fs.S10,Date.S10
S10,Fs,19,2015-04-09,0.0,False,data_preflight/raw/carraro/eDNA_data.mat,Fs.S10,Date.S10
S10,Fs,20,2015-04-29,0.0,False,data_preflight/raw/carraro/eDNA_data.mat,Fs.S10,Date.S10
S10,Fs,21,2015-05-15,0.0,False,data_preflight/raw/carraro/eDNA_data.mat,Fs.S10,Date.S10
S10,Tb,1,2014-05-28,0.0,False,data_preflight/raw/carraro/eDNA_data.mat,Tb.S10,Date.S10
S10,Tb,2,2014-06-11,0.0,False,data_preflight/raw/carraro/eDNA_data.mat,Tb.S10,Date.S10
S10,Tb,3,2014-06-19,0.0,False,data_preflight/raw/carraro/eDNA_data.mat,Tb.S10,Date.S10
S10,Tb,4,2014-06-25,0.0,False,data_preflight/raw/carraro/eDNA_data.mat,Tb.S10,Date.S10
S10,Tb,5,2014-07-11,4.956026853479785e-17,True,data_preflight/raw/carraro/eDNA_data.mat,Tb.S10,Date.S10
S10,Tb,6,2014-07-24,0.0,False,data_preflight/raw/carraro/eDNA_data.mat,Tb.S10,Date.S10
S10,Tb,7,2014-08-07,0.0,False,data_preflight/raw/carraro/eDNA_data.mat,Tb.S10,Date.S10
S10,Tb,8,2014-08-21,0.0,False,data_preflight/raw/carraro/eDNA_data.mat,Tb.S10,Date.S10
S10,Tb,9,2014-09-08,0.0,False,data_preflight/raw/carraro/eDNA_data.mat,Tb.S10,Date.S10
S10,Tb,10,2014-09-17,0.0,False,data_preflight/raw/carraro/eDNA_data.mat,Tb.S10,Date.S10
S10,Tb,11,2014-10-02,0.0,False,data_preflight/raw/carraro/eDNA_data.mat,Tb.S10,Date.S10
S10,Tb,12,2014-10-16,0.0,False,data_preflight/raw/carraro/eDNA_data.mat,Tb.S10,Date.S10
S10,Tb,13,2014-10-29,0.0,False,data_preflight/raw/carraro/eDNA_data.mat,Tb.S10,Date.S10
S10,Tb,14,2014-11-13,0.0,False,data_preflight/raw/carraro/eDNA_data.mat,Tb.S10,Date.S10
S10,Tb,15,2014-11-26,0.0,False,data_preflight/raw/carraro/eDNA_data.mat,Tb.S10,Date.S10
S10,Tb,16,2014-12-09,0.0,False,data_preflight/raw/carraro/eDNA_data.mat,Tb.S10,Date.S10
S10,Tb,17,2015-01-22,0.0,False,data_preflight/raw/carraro/eDNA_data.mat,Tb.S10,Date.S10
S10,Tb,18,2015-03-19,0.0,False,data_preflight/raw/carraro/eDNA_data.mat,Tb.S10,Date.S10
S10,Tb,19,2015-04-09,0.0,False,data_preflight/raw/carraro/eDNA_data.mat,Tb.S10,Date.S10
S10,Tb,20,2015-04-29,0.0,False,data_preflight/raw/carraro/eDNA_data.mat,Tb.S10,Date.S10
S10,Tb,21,2015-05-15,0.0,False,data_preflight/raw/carraro/eDNA_data.mat,Tb.S10,Date.S10
S11,Fs,1,2014-05-28,0.0,False,data_preflight/raw/carraro/eDNA_data.mat,Fs.S11,Date.S11
S11,Fs,2,2014-06-11,0.0,False,data_preflight/raw/carraro/eDNA_data.mat,Fs.S11,Date.S11
S11,Fs,4,2014-06-25,0.0,False,data_preflight/raw/carraro/eDNA_data.mat,Fs.S11,Date.S11
S11,Fs,5,2014-07-11,1.1052763633356001e-17,True,data_preflight/raw/carraro/eDNA_data.mat,Fs.S11,Date.S11
S11,Fs,6,2014-07-24,0.0,False,data_preflight/raw/carraro/eDNA_data.mat,Fs.S11,Date.S11
S11,Fs,7,2014-08-07,0.0,False,data_preflight/raw/carraro/eDNA_data.mat,Fs.S11,Date.S11
S11,Fs,8,2014-08-21,0.0,False,data_preflight/raw/carraro/eDNA_data.mat,Fs.S11,Date.S11
S11,Fs,9,2014-09-08,2.50390345740072e-17,True,data_preflight/raw/carraro/eDNA_data.mat,Fs.S11,Date.S11
S11,Fs,10,2014-09-17,0.0,False,data_preflight/raw/carraro/eDNA_data.mat,Fs.S11,Date.S11
S11,Fs,11,2014-10-02,0.0,False,data_preflight/raw/carraro/eDNA_data.mat,Fs.S11,Date.S11
S11,Fs,12,2014-10-16,0.0,False,data_preflight/raw/carraro/eDNA_data.mat,Fs.S11,Date.S11
S11,Fs,13,2014-10-29,0.0,False,data_preflight/raw/carraro/eDNA_data.mat,Fs.S11,Date.S11
S11,Fs,14,2014-11-13,0.0,False,data_preflight/raw/carraro/eDNA_data.mat,Fs.S11,Date.S11
S11,Fs,15,2014-11-26,0.0,False,data_preflight/raw/carraro/eDNA_data.mat,Fs.S11,Date.S11
S11,Fs,16,2014-12-09,0.0,False,data_preflight/raw/carraro/eDNA_data.mat,Fs.S11,Date.S11
S11,Fs,17,2015-01-22,0.0,False,data_preflight/raw/carraro/eDNA_data.mat,Fs.S11,Date.S11
S11,Fs,18,2015-03-19,0.0,False,data_preflight/raw/carraro/eDNA_data.mat,Fs.S11,Date.S11
S11,Fs,19,2015-04-09,0.0,False,data_preflight/raw/carraro/eDNA_data.mat,Fs.S11,Date.S11
S11,Fs,20,2015-04-29,0.0,False,data_preflight/raw/carraro/eDNA_data.mat,Fs.S11,Date.S11
S11,Fs,21,2015-05-15,0.0,False,data_preflight/raw/carraro/eDNA_data.mat,Fs.S11,Date.S11
S11,Tb,1,2014-05-28,0.0,False,data_preflight/raw/carraro/eDNA_data.mat,Tb.S11,Date.S11
S11,Tb,2,2014-06-11,4.7114233513608245e-17,True,data_preflight/raw/carraro/eDNA_data.mat,Tb.S11,Date.S11
S11,Tb,4,2014-06-25,8.926795028533655e-18,True,data_preflight/raw/carraro/eDNA_data.mat,Tb.S11,Date.S11
S11,Tb,5,2014-07-11,0.0,False,data_preflight/raw/carraro/eDNA_data.mat,Tb.S11,Date.S11
S11,Tb,6,2014-07-24,0.0,False,data_preflight/raw/carraro/eDNA_data.mat,Tb.S11,Date.S11
S11,Tb,7,2014-08-07,0.0,False,data_preflight/raw/carraro/eDNA_data.mat,Tb.S11,Date.S11
S11,Tb,8,2014-08-21,0.0,False,data_preflight/raw/carraro/eDNA_data.mat,Tb.S11,Date.S11
S11,Tb,9,2014-09-08,0.0,False,data_preflight/raw/carraro/eDNA_data.mat,Tb.S11,Date.S11
S11,Tb,10,2014-09-17,0.0,False,data_preflight/raw/carraro/eDNA_data.mat,Tb.S11,Date.S11
S11,Tb,11,2014-10-02,0.0,False,data_preflight/raw/carraro/eDNA_data.mat,Tb.S11,Date.S11
S11,Tb,12,2014-10-16,0.0,False,data_preflight/raw/carraro/eDNA_data.mat,Tb.S11,Date.S11
S11,Tb,13,2014-10-29,0.0,False,data_preflight/raw/carraro/eDNA_data.mat,Tb.S11,Date.S11
S11,Tb,14,2014-11-13,0.0,False,data_preflight/raw/carraro/eDNA_data.mat,Tb.S11,Date.S11
S11,Tb,15,2014-11-26,0.0,False,data_preflight/raw/carraro/eDNA_data.mat,Tb.S11,Date.S11
S11,Tb,16,2014-12-09,0.0,False,data_preflight/raw/carraro/eDNA_data.mat,Tb.S11,Date.S11
S11,Tb,17,2015-01-22,0.0,False,data_preflight/raw/carraro/eDNA_data.mat,Tb.S11,Date.S11
S11,Tb,18,2015-03-19,0.0,False,data_preflight/raw/carraro/eDNA_data.mat,Tb.S11,Date.S11
S11,Tb,19,2015-04-09,0.0,False,data_preflight/raw/carraro/eDNA_data.mat,Tb.S11,Date.S11
S11,Tb,20,2015-04-29,0.0,False,data_preflight/raw/carraro/eDNA_data.mat,Tb.S11,Date.S11
S11,Tb,21,2015-05-15,0.0,False,data_preflight/raw/carraro/eDNA_data.mat,Tb.S11,Date.S11
S12,Fs,1,2014-05-28,1.8963230595534096e-17,True,data_preflight/raw/carraro/eDNA_data.mat,Fs.S12,Date.S12
S12,Fs,2,2014-06-11,1.7791306776686136e-17,True,data_preflight/raw/carraro/eDNA_data.mat,Fs.S12,Date.S12
S12,Fs,3,2014-06-19,1.0739540211635327e-17,True,data_preflight/raw/carraro/eDNA_data.mat,Fs.S12,Date.S12
S12,Fs,4,2014-06-25,1.1633115548762207e-17,True,data_preflight/raw/carraro/eDNA_data.mat,Fs.S12,Date.S12
S12,Fs,5,2014-07-11,1.3470240042948574e-17,True,data_preflight/raw/carraro/eDNA_data.mat,Fs.S12,Date.S12
S12,Fs,6,2014-07-24,0.0,False,data_preflight/raw/carraro/eDNA_data.mat,Fs.S12,Date.S12
S12,Fs,7,2014-08-07,0.0,False,data_preflight/raw/carraro/eDNA_data.mat,Fs.S12,Date.S12
S12,Fs,8,2014-08-21,0.0,False,data_preflight/raw/carraro/eDNA_data.mat,Fs.S12,Date.S12
S12,Fs,9,2014-09-08,2.459427708678672e-17,True,data_preflight/raw/carraro/eDNA_data.mat,Fs.S12,Date.S12
S12,Fs,10,2014-09-17,6.591135161547383e-18,True,data_preflight/raw/carraro/eDNA_data.mat,Fs.S12,Date.S12
S12,Fs,11,2014-10-02,0.0,False,data_preflight/raw/carraro/eDNA_data.mat,Fs.S12,Date.S12
S12,Fs,12,2014-10-16,1.2510452878567054e-17,True,data_preflight/raw/carraro/eDNA_data.mat,Fs.S12,Date.S12
S12,Fs,13,2014-10-29,1.1383292783891711e-17,True,data_preflight/raw/carraro/eDNA_data.mat,Fs.S12,Date.S12
S12,Fs,14,2014-11-13,0.0,False,data_preflight/raw/carraro/eDNA_data.mat,Fs.S12,Date.S12
S12,Fs,15,2014-11-26,0.0,False,data_preflight/raw/carraro/eDNA_data.mat,Fs.S12,Date.S12
S12,Fs,16,2014-12-09,2.2694043407087638e-17,True,data_preflight/raw/carraro/eDNA_data.mat,Fs.S12,Date.S12
S12,Fs,17,2015-01-22,2.3038355658372262e-17,True,data_preflight/raw/carraro/eDNA_data.mat,Fs.S12,Date.S12
S12,Fs,18,2015-03-19,0.0,False,data_preflight/raw/carraro/eDNA_data.mat,Fs.S12,Date.S12
S12,Fs,19,2015-04-09,0.0,False,data_preflight/raw/carraro/eDNA_data.mat,Fs.S12,Date.S12
S12,Fs,20,2015-04-29,0.0,False,data_preflight/raw/carraro/eDNA_data.mat,Fs.S12,Date.S12
S12,Fs,21,2015-05-15,1.1013310270688424e-17,True,data_preflight/raw/carraro/eDNA_data.mat,Fs.S12,Date.S12
S12,Tb,1,2014-05-28,2.284849900916107e-17,True,data_preflight/raw/carraro/eDNA_data.mat,Tb.S12,Date.S12
S12,Tb,2,2014-06-11,8.919186023687735e-17,True,data_preflight/raw/carraro/eDNA_data.mat,Tb.S12,Date.S12
S12,Tb,3,2014-06-19,7.158563928380065e-17,True,data_preflight/raw/carraro/eDNA_data.mat,Tb.S12,Date.S12
S12,Tb,4,2014-06-25,2.435875690409808e-17,True,data_preflight/raw/carraro/eDNA_data.mat,Tb.S12,Date.S12
S12,Tb,5,2014-07-11,0.0,False,data_preflight/raw/carraro/eDNA_data.mat,Tb.S12,Date.S12
S12,Tb,6,2014-07-24,0.0,False,data_preflight/raw/carraro/eDNA_data.mat,Tb.S12,Date.S12
S12,Tb,7,2014-08-07,2.2392505520888764e-17,True,data_preflight/raw/carraro/eDNA_data.mat,Tb.S12,Date.S12
S12,Tb,8,2014-08-21,1.2708971336390905e-17,True,data_preflight/raw/carraro/eDNA_data.mat,Tb.S12,Date.S12
S12,Tb,9,2014-09-08,1.5110677478142623e-16,True,data_preflight/raw/carraro/eDNA_data.mat,Tb.S12,Date.S12
S12,Tb,10,2014-09-17,0.0,False,data_preflight/raw/carraro/eDNA_data.mat,Tb.S12,Date.S12
S12,Tb,11,2014-10-02,0.0,False,data_preflight/raw/carraro/eDNA_data.mat,Tb.S12,Date.S12
S12,Tb,12,2014-10-16,0.0,False,data_preflight/raw/carraro/eDNA_data.mat,Tb.S12,Date.S12
S12,Tb,13,2014-10-29,0.0,False,data_preflight/raw/carraro/eDNA_data.mat,Tb.S12,Date.S12
S12,Tb,14,2014-11-13,0.0,False,data_preflight/raw/carraro/eDNA_data.mat,Tb.S12,Date.S12
S12,Tb,15,2014-11-26,0.0,False,data_preflight/raw/carraro/eDNA_data.mat,Tb.S12,Date.S12
S12,Tb,16,2014-12-09,0.0,False,data_preflight/raw/carraro/eDNA_data.mat,Tb.S12,Date.S12
S12,Tb,17,2015-01-22,0.0,False,data_preflight/raw/carraro/eDNA_data.mat,Tb.S12,Date.S12
S12,Tb,18,2015-03-19,0.0,False,data_preflight/raw/carraro/eDNA_data.mat,Tb.S12,Date.S12
S12,Tb,19,2015-04-09,0.0,False,data_preflight/raw/carraro/eDNA_data.mat,Tb.S12,Date.S12
S12,Tb,20,2015-04-29,0.0,False,data_preflight/raw/carraro/eDNA_data.mat,Tb.S12,Date.S12
S12,Tb,21,2015-05-15,0.0,False,data_preflight/raw/carraro/eDNA_data.mat,Tb.S12,Date.S12
S13,Fs,1,2014-05-28,1.91237728108939e-17,True,data_preflight/raw/carraro/eDNA_data.mat,Fs.S13,Date.S13
S13,Fs,2,2014-06-11,1.358734046809536e-17,True,data_preflight/raw/carraro/eDNA_data.mat,Fs.S13,Date.S13
S13,Fs,3,2014-06-19,4.156505500043304e-17,True,data_preflight/raw/carraro/eDNA_data.mat,Fs.S13,Date.S13
S13,Fs,4,2014-06-25,0.0,False,data_preflight/raw/carraro/eDNA_data.mat,Fs.S13,Date.S13
S13,Fs,5,2014-07-11,1.4838468115567369e-16,True,data_preflight/raw/carraro/eDNA_data.mat,Fs.S13,Date.S13
S13,Fs,6,2014-07-24,9.358525693513944e-17,True,data_preflight/raw/carraro/eDNA_data.mat,Fs.S13,Date.S13
S13,Fs,7,2014-08-07,0.0,False,data_preflight/raw/carraro/eDNA_data.mat,Fs.S13,Date.S13
S13,Fs,8,2014-08-21,1.8087747679676568e-17,True,data_preflight/raw/carraro/eDNA_data.mat,Fs.S13,Date.S13
S13,Fs,9,2014-09-08,5.670447038780952e-17,True,data_preflight/raw/carraro/eDNA_data.mat,Fs.S13,Date.S13
S13,Fs,10,2014-09-17,4.655411613815496e-17,True,data_preflight/raw/carraro/eDNA_data.mat,Fs.S13,Date.S13
S13,Fs,11,2014-10-02,1.512885311694115e-17,True,data_preflight/raw/carraro/eDNA_data.mat,Fs.S13,Date.S13
S13,Fs,12,2014-10-16,7.596801812995056e-17,True,data_preflight/raw/carraro/eDNA_data.mat,Fs.S13,Date.S13
S13,Fs,13,2014-10-29,9.346340277238415e-18,True,data_preflight/raw/carraro/eDNA_data.mat,Fs.S13,Date.S13
S13,Fs,14,2014-11-13,0.0,False,data_preflight/raw/carraro/eDNA_data.mat,Fs.S13,Date.S13
S13,Fs,15,2014-11-26,7.766582772650447e-17,True,data_preflight/raw/carraro/eDNA_data.mat,Fs.S13,Date.S13
S13,Fs,16,2014-12-09,1.862593824450324e-17,True,data_preflight/raw/carraro/eDNA_data.mat,Fs.S13,Date.S13
S13,Fs,17,2015-01-22,0.0,False,data_preflight/raw/carraro/eDNA_data.mat,Fs.S13,Date.S13
S13,Fs,18,2015-04-09,2.0807432116007927e-17,True,data_preflight/raw/carraro/eDNA_data.mat,Fs.S13,Date.S13
S13,Fs,19,2015-04-29,1.4948533619286503e-17,True,data_preflight/raw/carraro/eDNA_data.mat,Fs.S13,Date.S13
S13,Fs,20,2015-05-15,3.333717362778768e-17,True,data_preflight/raw/carraro/eDNA_data.mat,Fs.S13,Date.S13
S13,Tb,1,2014-05-28,9.409868184019703e-17,True,data_preflight/raw/carraro/eDNA_data.mat,Tb.S13,Date.S13
S13,Tb,2,2014-06-11,1.1534893482608687e-16,True,data_preflight/raw/carraro/eDNA_data.mat,Tb.S13,Date.S13
S13,Tb,3,2014-06-19,3.1062131892253923e-16,True,data_preflight/raw/carraro/eDNA_data.mat,Tb.S13,Date.S13
S13,Tb,4,2014-06-25,0.0,False,data_preflight/raw/carraro/eDNA_data.mat,Tb.S13,Date.S13
S13,Tb,5,2014-07-11,1.7814564656960925e-16,True,data_preflight/raw/carraro/eDNA_data.mat,Tb.S13,Date.S13
S13,Tb,6,2014-07-24,7.143453095361841e-17,True,data_preflight/raw/carraro/eDNA_data.mat,Tb.S13,Date.S13
S13,Tb,7,2014-08-07,0.0,False,data_preflight/raw/carraro/eDNA_data.mat,Tb.S13,Date.S13
S13,Tb,8,2014-08-21,9.89413466101157e-17,True,data_preflight/raw/carraro/eDNA_data.mat,Tb.S13,Date.S13
S13,Tb,9,2014-09-08,1.2701676083052337e-16,True,data_preflight/raw/carraro/eDNA_data.mat,Tb.S13,Date.S13
S13,Tb,10,2014-09-17,7.828763059714295e-17,True,data_preflight/raw/carraro/eDNA_data.mat,Tb.S13,Date.S13
S13,Tb,11,2014-10-02,1.9793224511840976e-17,True,data_preflight/raw/carraro/eDNA_data.mat,Tb.S13,Date.S13
S13,Tb,12,2014-10-16,9.173969713291321e-17,True,data_preflight/raw/carraro/eDNA_data.mat,Tb.S13,Date.S13
S13,Tb,13,2014-10-29,0.0,False,data_preflight/raw/carraro/eDNA_data.mat,Tb.S13,Date.S13
S13,Tb,14,2014-11-13,0.0,False,data_preflight/raw/carraro/eDNA_data.mat,Tb.S13,Date.S13
S13,Tb,15,2014-11-26,0.0,False,data_preflight/raw/carraro/eDNA_data.mat,Tb.S13,Date.S13
S13,Tb,16,2014-12-09,8.446986023404128e-17,True,data_preflight/raw/carraro/eDNA_data.mat,Tb.S13,Date.S13
S13,Tb,17,2015-01-22,0.0,False,data_preflight/raw/carraro/eDNA_data.mat,Tb.S13,Date.S13
S13,Tb,18,2015-04-09,3.8447609446574164e-17,True,data_preflight/raw/carraro/eDNA_data.mat,Tb.S13,Date.S13
S13,Tb,19,2015-04-29,0.0,False,data_preflight/raw/carraro/eDNA_data.mat,Tb.S13,Date.S13
S13,Tb,20,2015-05-15,9.747891392747832e-17,True,data_preflight/raw/carraro/eDNA_data.mat,Tb.S13,Date.S13
S14,Fs,1,2014-05-28,8.843854810502784e-18,True,data_preflight/raw/carraro/eDNA_data.mat,Fs.S14,Date.S14
S14,Fs,2,2014-06-11,1.3818385722438601e-17,True,data_preflight/raw/carraro/eDNA_data.mat,Fs.S14,Date.S14
S14,Fs,3,2014-06-19,1.6001617772049674e-17,True,data_preflight/raw/carraro/eDNA_data.mat,Fs.S14,Date.S14
S14,Fs,4,2014-06-25,1.3338877637558446e-17,True,data_preflight/raw/carraro/eDNA_data.mat,Fs.S14,Date.S14
S14,Fs,5,2014-07-11,3.408e-17,True,data_preflight/raw/carraro/eDNA_data.mat,Fs.S14,Date.S14
S14,Fs,6,2014-07-24,2.033948623678644e-17,True,data_preflight/raw/carraro/eDNA_data.mat,Fs.S14,Date.S14
S14,Fs,7,2014-08-07,0.0,False,data_preflight/raw/carraro/eDNA_data.mat,Fs.S14,Date.S14
S14,Fs,8,2014-08-21,0.0,False,data_preflight/raw/carraro/eDNA_data.mat,Fs.S14,Date.S14
S14,Fs,9,2014-09-08,4.292934424595928e-17,True,data_preflight/raw/carraro/eDNA_data.mat,Fs.S14,Date.S14
S14,Fs,10,2014-09-17,9.043876765457112e-18,True,data_preflight/raw/carraro/eDNA_data.mat,Fs.S14,Date.S14
S14,Fs,11,2014-10-02,2.1591512292810434e-17,True,data_preflight/raw/carraro/eDNA_data.mat,Fs.S14,Date.S14
S14,Fs,12,2014-10-16,1.253242020993665e-17,True,data_preflight/raw/carraro/eDNA_data.mat,Fs.S14,Date.S14
S14,Fs,13,2014-10-29,2.1351262199260368e-17,True,data_preflight/raw/carraro/eDNA_data.mat,Fs.S14,Date.S14
S14,Fs,14,2014-11-13,0.0,False,data_preflight/raw/carraro/eDNA_data.mat,Fs.S14,Date.S14
S14,Fs,15,2014-11-26,2.1597600732293015e-17,True,data_preflight/raw/carraro/eDNA_data.mat,Fs.S14,Date.S14
S14,Fs,16,2014-12-09,1.2844033543797958e-17,True,data_preflight/raw/carraro/eDNA_data.mat,Fs.S14,Date.S14
S14,Fs,17,2015-01-22,0.0,False,data_preflight/raw/carraro/eDNA_data.mat,Fs.S14,Date.S14
S14,Fs,18,2015-03-19,0.0,False,data_preflight/raw/carraro/eDNA_data.mat,Fs.S14,Date.S14
S14,Fs,19,2015-04-09,2.303685207135734e-17,True,data_preflight/raw/carraro/eDNA_data.mat,Fs.S14,Date.S14
S14,Fs,20,2015-04-29,2.2448888172459453e-17,True,data_preflight/raw/carraro/eDNA_data.mat,Fs.S14,Date.S14
S14,Fs,21,2015-05-15,0.0,False,data_preflight/raw/carraro/eDNA_data.mat,Fs.S14,Date.S14
S14,Tb,1,2014-05-28,7.185092271493127e-17,True,data_preflight/raw/carraro/eDNA_data.mat,Tb.S14,Date.S14
S14,Tb,2,2014-06-11,5.4782780206008725e-17,True,data_preflight/raw/carraro/eDNA_data.mat,Tb.S14,Date.S14
S14,Tb,3,2014-06-19,1.3951928680959143e-16,True,data_preflight/raw/carraro/eDNA_data.mat,Tb.S14,Date.S14
S14,Tb,4,2014-06-25,1.1567844292133039e-17,True,data_preflight/raw/carraro/eDNA_data.mat,Tb.S14,Date.S14
S14,Tb,5,2014-07-11,0.0,False,data_preflight/raw/carraro/eDNA_data.mat,Tb.S14,Date.S14
S14,Tb,6,2014-07-24,0.0,False,data_preflight/raw/carraro/eDNA_data.mat,Tb.S14,Date.S14
S14,Tb,7,2014-08-07,2.18584122745301e-17,True,data_preflight/raw/carraro/eDNA_data.mat,Tb.S14,Date.S14
S14,Tb,8,2014-08-21,0.0,False,data_preflight/raw/carraro/eDNA_data.mat,Tb.S14,Date.S14
S14,Tb,9,2014-09-08,1.8325027204677002e-16,True,data_preflight/raw/carraro/eDNA_data.mat,Tb.S14,Date.S14
S14,Tb,10,2014-09-17,2.4191478107847123e-17,True,data_preflight/raw/carraro/eDNA_data.mat,Tb.S14,Date.S14
S14,Tb,11,2014-10-02,2.352051109700424e-17,True,data_preflight/raw/carraro/eDNA_data.mat,Tb.S14,Date.S14
S14,Tb,12,2014-10-16,1.9947816264746064e-17,True,data_preflight/raw/carraro/eDNA_data.mat,Tb.S14,Date.S14
S14,Tb,13,2014-10-29,0.0,False,data_preflight/raw/carraro/eDNA_data.mat,Tb.S14,Date.S14
S14,Tb,14,2014-11-13,0.0,False,data_preflight/raw/carraro/eDNA_data.mat,Tb.S14,Date.S14
S14,Tb,15,2014-11-26,0.0,False,data_preflight/raw/carraro/eDNA_data.mat,Tb.S14,Date.S14
S14,Tb,16,2014-12-09,0.0,False,data_preflight/raw/carraro/eDNA_data.mat,Tb.S14,Date.S14
S14,Tb,17,2015-01-22,0.0,False,data_preflight/raw/carraro/eDNA_data.mat,Tb.S14,Date.S14
S14,Tb,18,2015-03-19,0.0,False,data_preflight/raw/carraro/eDNA_data.mat,Tb.S14,Date.S14
S14,Tb,19,2015-04-09,0.0,False,data_preflight/raw/carraro/eDNA_data.mat,Tb.S14,Date.S14
S14,Tb,20,2015-04-29,0.0,False,data_preflight/raw/carraro/eDNA_data.mat,Tb.S14,Date.S14
S14,Tb,21,2015-05-15,0.0,False,data_preflight/raw/carraro/eDNA_data.mat,Tb.S14,Date.S14
S15,Fs,1,2014-05-28,4.238668654716336e-17,True,data_preflight/raw/carraro/eDNA_data.mat,Fs.S15,Date.S15
S15,Fs,2,2014-06-11,5.2108841454795116e-17,True,data_preflight/raw/carraro/eDNA_data.mat,Fs.S15,Date.S15
S15,Fs,3,2014-06-19,6.816e-17,True,data_preflight/raw/carraro/eDNA_data.mat,Fs.S15,Date.S15
S15,Fs,4,2014-06-25,1.912523613515417e-17,True,data_preflight/raw/carraro/eDNA_data.mat,Fs.S15,Date.S15
S15,Fs,5,2014-07-11,8.184992048525736e-17,True,data_preflight/raw/carraro/eDNA_data.mat,Fs.S15,Date.S15
S15,Fs,6,2014-07-24,3.616566117697752e-17,True,data_preflight/raw/carraro/eDNA_data.mat,Fs.S15,Date.S15
S15,Fs,7,2014-08-07,0.0,False,data_preflight/raw/carraro/eDNA_data.mat,Fs.S15,Date.S15
S15,Fs,8,2014-08-21,2.2299431830987824e-17,True,data_preflight/raw/carraro/eDNA_data.mat,Fs.S15,Date.S15
S15,Fs,9,2014-09-08,4.7692625725197593e-17,True,data_preflight/raw/carraro/eDNA_data.mat,Fs.S15,Date.S15
S15,Fs,10,2014-09-17,6.995530913507328e-17,True,data_preflight/raw/carraro/eDNA_data.mat,Fs.S15,Date.S15
S15,Fs,11,2014-10-02,3.092297256181536e-17,True,data_preflight/raw/carraro/eDNA_data.mat,Fs.S15,Date.S15
S15,Fs,12,2014-10-16,2.5314549672628563e-17,True,data_preflight/raw/carraro/eDNA_data.mat,Fs.S15,Date.S15
S15,Fs,13,2014-10-29,2.3526530695999653e-17,True,data_preflight/raw/carraro/eDNA_data.mat,Fs.S15,Date.S15
S15,Fs,14,2014-11-13,1.6360852999282944e-17,True,data_preflight/raw/carraro/eDNA_data.mat,Fs.S15,Date.S15
S15,Fs,15,2014-11-26,3.622430874451776e-17,True,data_preflight/raw/carraro/eDNA_data.mat,Fs.S15,Date.S15
S15,Fs,16,2014-12-09,4.942795323270528e-17,True,data_preflight/raw/carraro/eDNA_data.mat,Fs.S15,Date.S15
S15,Fs,17,2015-01-22,1.3766905892945639e-17,True,data_preflight/raw/carraro/eDNA_data.mat,Fs.S15,Date.S15
S15,Fs,18,2015-03-19,0.0,False,data_preflight/raw/carraro/eDNA_data.mat,Fs.S15,Date.S15
S15,Fs,19,2015-04-09,0.0,False,data_preflight/raw/carraro/eDNA_data.mat,Fs.S15,Date.S15
S15,Fs,20,2015-04-29,1.3696009190471424e-17,True,data_preflight/raw/carraro/eDNA_data.mat,Fs.S15,Date.S15
S15,Fs,21,2015-05-15,5.88e-17,True,data_preflight/raw/carraro/eDNA_data.mat,Fs.S15,Date.S15
S15,Tb,1,2014-05-28,0.0,False,data_preflight/raw/carraro/eDNA_data.mat,Tb.S15,Date.S15
S15,Tb,2,2014-06-11,0.0,False,data_preflight/raw/carraro/eDNA_data.mat,Tb.S15,Date.S15
S15,Tb,3,2014-06-19,0.0,False,data_preflight/raw/carraro/eDNA_data.mat,Tb.S15,Date.S15
S15,Tb,4,2014-06-25,0.0,False,data_preflight/raw/carraro/eDNA_data.mat,Tb.S15,Date.S15
S15,Tb,5,2014-07-11,0.0,False,data_preflight/raw/carraro/eDNA_data.mat,Tb.S15,Date.S15
S15,Tb,6,2014-07-24,0.0,False,data_preflight/raw/carraro/eDNA_data.mat,Tb.S15,Date.S15
S15,Tb,7,2014-08-07,0.0,False,data_preflight/raw/carraro/eDNA_data.mat,Tb.S15,Date.S15
S15,Tb,8,2014-08-21,0.0,False,data_preflight/raw/carraro/eDNA_data.mat,Tb.S15,Date.S15
S15,Tb,9,2014-09-08,0.0,False,data_preflight/raw/carraro/eDNA_data.mat,Tb.S15,Date.S15
S15,Tb,10,2014-09-17,0.0,False,data_preflight/raw/carraro/eDNA_data.mat,Tb.S15,Date.S15
S15,Tb,11,2014-10-02,0.0,False,data_preflight/raw/carraro/eDNA_data.mat,Tb.S15,Date.S15
S15,Tb,12,2014-10-16,0.0,False,data_preflight/raw/carraro/eDNA_data.mat,Tb.S15,Date.S15
S15,Tb,13,2014-10-29,0.0,False,data_preflight/raw/carraro/eDNA_data.mat,Tb.S15,Date.S15
S15,Tb,14,2014-11-13,0.0,False,data_preflight/raw/carraro/eDNA_data.mat,Tb.S15,Date.S15
S15,Tb,15,2014-11-26,0.0,False,data_preflight/raw/carraro/eDNA_data.mat,Tb.S15,Date.S15
S15,Tb,16,2014-12-09,0.0,False,data_preflight/raw/carraro/eDNA_data.mat,Tb.S15,Date.S15
S15,Tb,17,2015-01-22,0.0,False,data_preflight/raw/carraro/eDNA_data.mat,Tb.S15,Date.S15
S15,Tb,18,2015-03-19,0.0,False,data_preflight/raw/carraro/eDNA_data.mat,Tb.S15,Date.S15
S15,Tb,19,2015-04-09,0.0,False,data_preflight/raw/carraro/eDNA_data.mat,Tb.S15,Date.S15
S15,Tb,20,2015-04-29,0.0,False,data_preflight/raw/carraro/eDNA_data.mat,Tb.S15,Date.S15
S15,Tb,21,2015-05-15,0.0,False,data_preflight/raw/carraro/eDNA_data.mat,Tb.S15,Date.S15
