station,original_x,original_y,carraro_reach_index,fs_observation_count,tb_observation_count,date_count,coordinate_source,observation_source
S1,634537.17,240447.56,1,21,21,21,data_preflight/raw/carraro/RUN_MODEL.m,data_preflight/raw/carraro/eDNA_data.mat
S2,637020.21,238761.43,6,21,21,21,data_preflight/raw/carraro/RUN_MODEL.m,data_preflight/raw/carraro/eDNA_data.mat
S3,638470.74,236680.43,13,21,21,21,data_preflight/raw/carraro/RUN_MODEL.m,data_preflight/raw/carraro/eDNA_data.mat
S4,639156.59,233638.54,26,21,21,21,data_preflight/raw/carraro/RUN_MODEL.m,data_preflight/raw/carraro/eDNA_data.mat
S5,639020.2,233457.9,25,11,11,12,data_preflight/raw/carraro/RUN_MODEL.m,data_preflight/raw/carraro/eDNA_data.mat
S6,640976.71,229859.55,41,20,20,21,data_preflight/raw/carraro/RUN_MODEL.m,data_preflight/raw/carraro/eDNA_data.mat
S7,640591.56,226354.76,64,21,21,21,data_preflight/raw/carraro/RUN_MODEL.m,data_preflight/raw/carraro/eDNA_data.mat
S8,641367.48,225948.74,65,20,20,21,data_preflight/raw/carraro/RUN_MODEL.m,data_preflight/raw/carraro/eDNA_data.mat
S9,642750.58,219109.92,120,21,21,21,data_preflight/raw/carraro/RUN_MODEL.m,data_preflight/raw/carraro/eDNA_data.mat
S10,642422.08,218351.57,121,21,21,21,data_preflight/raw/carraro/RUN_MODEL.m,data_preflight/raw/carraro/eDNA_data.mat
S11,639970.33,217267.33,123,20,20,21,data_preflight/raw/carraro/RUN_MODEL.m,data_preflight/raw/carraro/eDNA_data.mat
S12,642745.99,222923.29,85,21,21,21,data_preflight/raw/carraro/RUN_MODEL.m,data_preflight/raw/carraro/eDNA_data.mat
S13,643725.46,222763.63,86,20,20,20,data_preflight/raw/carraro/RUN_MODEL.m,data_preflight/raw/carraro/eDNA_data.mat
S14,642080.78,224764.12,72,21,21,21,data_preflight/raw/carraro/RUN_MODEL.m,data_preflight/raw/carraro/eDNA_data.mat
S15,642153.28,225231.59,71,21,21,21,data_preflight/raw/carraro/RUN_MODEL.m,data_preflight/raw/carraro/eDNA_data.mat
