HYRIV_ID,upstream_count,upstream_reaches
20452105,2,"20452104,20453709"
20452106,2,"20452213,20452353"
20450449,2,"20451051,20451292"
20449308,2,"20449904,20449905"
20453149,2,"20453379,20453708"
20447392,2,"20447619,20448438"
20451628,2,"20451885,20452106"
20451629,2,"20451630,20452003"
20451760,2,"20451759,20452105"
20448564,2,"20448565,20449308"
20448565,2,"20448566,20449309"
20448315,2,"20448564,20448826"
20450127,2,"20450128,20450449"
20451411,2,"20451758,20452467"
20451412,2,"20451628,20452880"
20451291,2,"20451289,20451290"
20447836,2,"20447837,20448315"
20451292,2,"20451412,20451760"
20451169,2,"20451291,20451411"
20446568,2,"20446569,20447836"
20451051,2,"20451052,20451629"
20446064,2,"20446568,20447392"
20449905,2,"20450127,20451169"
20452467,2,"20452782,20453149"
