upstream,downstream
20446568,20446064
20447392,20446064
20446569,20446568
20447836,20446568
20447619,20447392
20448438,20447392
20447837,20447836
20448315,20447836
20448564,20448315
20448826,20448315
20448565,20448564
20449308,20448564
20448566,20448565
20449309,20448565
20449904,20449308
20449905,20449308
20450127,20449905
20451169,20449905
20450128,20450127
20450449,20450127
20451291,20451169
20451411,20451169
20451051,20450449
20451292,20450449
20451289,20451291
20451290,20451291
20451758,20451411
20452467,20451411
20451052,20451051
20451629,20451051
20451412,20451292
20451760,20451292
20452782,20452467
20453149,20452467
20451630,20451629
20452003,20451629
20451628,20451412
20452880,20451412
20451759,20451760
20452105,20451760
20453379,20453149
20453708,20453149
20451885,20451628
20452106,20451628
20452104,20452105
20453709,20452105
20452213,20452106
20452353,20452106
