HYRIV_ID,NEXT_DOWN,MAIN_RIV,LENGTH_KM,DIST_DN_KM,DIST_UP_KM,CATCH_SKM,UPLAND_SKM,ENDORHEIC,DIS_AV_CMS,ORD_STRA,ORD_CLAS,ORD_FLOW,HYBAS_L12
20446064,20445973,20323928,0.87,1010.7,44.6,0.58,414.3,0,10.997,4,3,5,2120499990
20446568,20446064,20323928,3.08,1011.5,43.7,5.09,373.6,0,10.028,4,3,5,2120499990
20446569,20446568,20323928,2.29,1014.6,4.9,6.41,6.4,0,0.154,1,4,7,2120499990
20447392,20446064,20323928,5.68,1011.8,13.1,15.58,40.1,0,0.958,2,4,7,2120499990
20447619,20447392,20323928,2.22,1017.3,5.3,8.02,8.0,0,0.194,1,5,7,2120499990
20447836,20446568,20323928,6.09,1014.8,40.4,20.97,362.1,0,9.761,4,3,6,2120499990
20447837,20447836,20323928,1.98,1020.7,4.0,6.26,6.3,0,0.156,1,4,7,2120499990
20448315,20447836,20323928,2.05,1020.8,34.5,8.31,334.9,0,9.108,4,3,6,2120499990
20448438,20447392,20323928,4.5,1017.3,7.5,16.47,16.5,0,0.399,1,4,7,2120499990
20448564,20448315,20323928,1.12,1023.0,32.3,0.88,314.6,0,8.607,4,3,6,2120499990
20448565,20448564,20323928,1.12,1024.1,9.2,1.02,24.9,0,0.649,2,4,7,2120499990
20448566,20448565,20323928,1.35,1025.0,3.8,5.54,5.5,0,0.142,1,5,7,2120499990
20448826,20448315,20323928,3.15,1023.0,5.7,11.96,12.0,0,0.299,1,4,7,2120499990
20449308,20448564,20323928,2.88,1024.0,31.3,5.4,288.8,0,7.938,4,3,6,2120499990
20449309,20448565,20323928,6.38,1025.1,8.2,18.37,18.4,0,0.482,1,4,7,2120499990
20449904,20449308,20323928,5.99,1027.0,8.3,21.01,21.0,0,0.537,1,4,7,2121164680
20449905,20449308,20323928,2.7,1026.8,28.4,6.13,262.4,0,7.268,4,3,6,2121164680
20450127,20449905,20323928,1.12,1029.7,21.3,0.73,169.5,0,4.784,3,4,6,2121164680
20450128,20450127,20323928,6.74,1030.8,9.6,24.66,24.7,0,0.67,1,5,7,2121164680
20450449,20450127,20323928,1.58,1030.7,20.3,2.77,144.1,0,4.096,3,4,6,2121164680
20451051,20450449,20323928,4.69,1032.2,16.2,11.39,51.3,0,1.483,2,5,6,2121165040
20451052,20451051,20323928,1.59,1037.0,3.9,6.13,6.1,0,0.173,1,6,7,2121165040
20451169,20449905,20323928,10.54,1029.7,25.6,22.05,86.8,0,2.328,3,3,6,2121164680
20451289,20451291,20323928,0.47,1042.1,3.1,5.11,5.1,0,0.132,1,5,7,2121164680
20451290,20451291,20323928,1.25,1042.3,4.0,6.13,6.1,0,0.156,1,4,7,2121164680
20451291,20451169,20323928,2.14,1040.2,6.1,3.5,14.8,0,0.378,2,4,7,2121164680
20451292,20450449,20323928,3.44,1032.3,18.7,6.57,90.0,0,2.54,3,4,6,2121165040
20451411,20451169,20323928,1.02,1040.0,15.2,1.46,50.0,0,1.373,2,3,6,2121164680
20451412,20451292,20323928,0.56,1035.9,9.6,0.29,42.4,0,1.217,2,5,6,2121165040
20451628,20451412,20323928,1.44,1036.5,8.1,1.61,26.5,0,0.763,2,6,7,2121165040
20451629,20451051,20323928,3.12,1037.0,11.4,10.96,33.8,0,0.994,2,5,7,2121165040
20451630,20451629,20323928,0.47,1039.9,3.4,4.82,4.8,0,0.14,1,6,7,2121165040
20451758,20451411,20323928,1.82,1041.2,6.6,8.04,8.0,0,0.213,1,4,7,2121164680
20451759,20451760,20323928,1.72,1039.0,4.1,5.99,6.0,0,0.162,1,5,7,2121165040
20451760,20451292,20323928,3.19,1035.9,15.1,6.28,41.1,0,1.145,2,4,6,2121165040
20451885,20451628,20323928,2.66,1037.7,6.6,8.62,8.6,0,0.249,1,7,7,2121165040
20452003,20451629,20323928,5.66,1040.1,8.3,17.97,18.0,0,0.538,1,5,7,2121165040
20452104,20452105,20323928,0.79,1040.3,3.6,4.24,4.2,0,0.116,1,5,7,2121165040
20452105,20451760,20323928,1.49,1039.0,12.0,1.9,28.8,0,0.812,2,4,7,2121165040
20452106,20451628,20323928,1.85,1037.8,6.8,3.21,16.2,0,0.47,2,6,7,2121165040
20452213,20452106,20323928,0.69,1039.6,3.8,4.39,4.4,0,0.127,1,7,7,2121165040
20452353,20452106,20323928,2.54,1039.8,4.8,8.62,8.6,0,0.252,1,6,7,2121165040
20452467,20451411,20323928,4.56,1041.2,14.1,5.84,40.5,0,1.122,2,3,6,2121164680
20452782,20452467,20323928,2.59,1045.8,5.5,9.8,9.8,0,0.266,1,4,7,2121164680
20452880,20451412,20323928,6.74,1036.3,9.2,15.64,15.6,0,0.445,1,5,7,2121165040
20453149,20452467,20323928,3.54,1045.8,9.5,6.43,24.9,0,0.7,2,3,7,2121164680
20453379,20453149,20323928,1.16,1049.2,4.2,6.44,6.4,0,0.18,1,4,7,2121164680
20453708,20453149,20323928,2.89,1049.4,5.9,12.0,12.0,0,0.343,1,3,7,2121164680
20453709,20452105,20323928,7.72,1040.4,10.6,22.67,22.7,0,0.644,1,4,7,2121165040
